Data Source,Gender Statistics,,,,,,,,,,,,,,,,,,,,,,,,,,,,,,,,,,,,,,,,,,,,,
,,,,,,,,,,,,,,,,,,,,,,,,,,,,,,,,,,,,,,,,,,,,,,
Last Updated Date,9/25/2019,,,,,,,,,,,,,,,,,,,,,,,,,,,,,,,,,,,,,,,,,,,,,
,,,,,,,,,,,,,,,,,,,,,,,,,,,,,,,,,,,,,,,,,,,,,,
Country Name,Country Code,Indicator Name,Indicator Code,1960,1975,1976,1977,1978,1979,1980,1981,1982,1983,1984,1985,1986,1987,1988,1989,1990,1991,1992,1993,1994,1995,1996,1997,1998,1999,2000,2001,2002,2003,2004,2005,2006,2007,2008,2009,2010,2011,2012,2013,2014,2015,2016
Aruba,ABW,"Prevalence of obesity, female (% of female population ages 18+)",SH.STA.OB18.FE.ZS,,,,,,,,,,,,,,,,,,,,,,,,,,,,,,,,,,,,,,,,,,,
Afghanistan,AFG,"Prevalence of obesity, female (% of female population ages 18+)",SH.STA.OB18.FE.ZS,,0.8,0.8,0.9,0.9,1,1.1,1.1,1.2,1.3,1.4,1.5,1.5,1.6,1.7,1.8,1.9,2.1,2.2,2.3,2.4,2.6,2.7,2.9,3,3.2,3.4,3.6,3.8,4,4.2,4.4,4.7,4.9,5.2,5.4,5.7,6,6.3,6.6,7,7.3,7.6
Angola,AGO,"Prevalence of obesity, female (% of female population ages 18+)",SH.STA.OB18.FE.ZS,,1.4,1.4,1.5,1.6,1.7,1.8,1.9,2,2.2,2.3,2.4,2.6,2.7,2.9,3.1,3.2,3.4,3.6,3.8,4.1,4.3,4.5,4.8,5.1,5.3,5.6,5.9,6.3,6.6,6.9,7.3,7.7,8,8.4,8.8,9.3,9.7,10.2,10.6,11.1,11.6,12.1
Albania,ALB,"Prevalence of obesity, female (% of female population ages 18+)",SH.STA.OB18.FE.ZS,,8.6,8.8,8.9,9.1,9.3,9.5,9.7,9.9,10.1,10.3,10.6,10.8,11,11.3,11.5,11.7,12,12.2,12.5,12.8,13.1,13.4,13.7,14,14.3,14.7,15,15.4,15.8,16.2,16.6,17.1,17.5,18,18.4,18.9,19.4,19.9,20.4,20.8,21.3,21.8
Andorra,AND,"Prevalence of obesity, female (% of female population ages 18+)",SH.STA.OB18.FE.ZS,,15.8,16.4,16.9,17.5,18,18.5,18.9,19.4,19.8,20.2,20.6,21,21.3,21.6,21.8,22.1,22.3,22.5,22.6,22.8,23,23.1,23.3,23.5,23.6,23.8,23.9,24,24.1,24.3,24.4,24.5,24.5,24.6,24.7,24.8,24.9,25,25.1,25.1,25.2,25.3
Arab World,ARB,"Prevalence of obesity, female (% of female population ages 18+)",SH.STA.OB18.FE.ZS,,,,,,,,,,,,,,,,,,,,,,,,,,,,,,,,,,,,,,,,,,,
United Arab Emirates,ARE,"Prevalence of obesity, female (% of female population ages 18+)",SH.STA.OB18.FE.ZS,,24.1,24.4,24.8,25.1,25.4,25.8,26.1,26.5,26.8,27.1,27.4,27.7,28,28.3,28.6,28.9,29.3,29.6,29.9,30.2,30.6,30.9,31.3,31.8,32.2,32.7,33.2,33.7,34.2,34.7,35.2,35.7,36.3,36.8,37.3,37.9,38.4,38.9,39.5,40,40.5,41
Argentina,ARG,"Prevalence of obesity, female (% of female population ages 18+)",SH.STA.OB18.FE.ZS,,13.2,13.5,13.8,14.1,14.4,14.7,15.1,15.4,15.7,16.1,16.4,16.8,17.2,17.5,17.9,18.3,18.7,19.1,19.5,19.8,20.2,20.6,21,21.4,21.8,22.1,22.5,22.9,23.3,23.7,24.2,24.6,25,25.4,25.9,26.3,26.7,27.2,27.6,28.1,28.5,29
Armenia,ARM,"Prevalence of obesity, female (% of female population ages 18+)",SH.STA.OB18.FE.ZS,,9.5,9.8,10.2,10.5,10.8,11.1,11.5,11.8,12.1,12.4,12.7,13,13.2,13.5,13.8,14.1,14.4,14.6,14.9,15.2,15.4,15.7,15.9,16.2,16.5,16.8,17.1,17.4,17.7,18,18.4,18.8,19.1,19.5,19.9,20.4,20.8,21.2,21.7,22.1,22.6,23
American Samoa,ASM,"Prevalence of obesity, female (% of female population ages 18+)",SH.STA.OB18.FE.ZS,,,,,,,,,,,,,,,,,,,,,,,,,,,,,,,,,,,,,,,,,,,
Antigua and Barbuda,ATG,"Prevalence of obesity, female (% of female population ages 18+)",SH.STA.OB18.FE.ZS,,8.8,9.1,9.3,9.6,9.9,10.3,10.6,10.9,11.3,11.6,12,12.4,12.8,13.2,13.6,14,14.5,14.9,15.3,15.7,16.1,16.5,16.9,17.4,17.8,18.2,18.6,19.1,19.5,19.9,20.4,20.8,21.3,21.7,22.2,22.7,23.2,23.7,24.2,24.8,25.3,25.9
Australia,AUS,"Prevalence of obesity, female (% of female population ages 18+)",SH.STA.OB18.FE.ZS,,11.2,11.5,11.7,12,12.3,12.6,12.8,13.1,13.4,13.7,14.1,14.4,14.7,15.1,15.5,15.8,16.2,16.7,17.1,17.5,18,18.5,18.9,19.4,19.9,20.5,21,21.5,22,22.5,23,23.5,24,24.5,24.9,25.4,25.9,26.4,26.9,27.4,27.9,28.4
Austria,AUT,"Prevalence of obesity, female (% of female population ages 18+)",SH.STA.OB18.FE.ZS,,7.8,7.9,8.1,8.2,8.4,8.6,8.8,9,9.2,9.4,9.6,9.8,10,10.3,10.5,10.8,11,11.3,11.5,11.8,12.1,12.4,12.6,12.9,13.2,13.5,13.8,14.1,14.4,14.7,15,15.2,15.5,15.8,16.1,16.4,16.7,17,17.3,17.7,18,18.3
Azerbaijan,AZE,"Prevalence of obesity, female (% of female population ages 18+)",SH.STA.OB18.FE.ZS,,8.4,8.7,8.9,9.2,9.4,9.7,10,10.2,10.5,10.8,11.1,11.3,11.6,11.9,12.2,12.5,12.8,13.1,13.4,13.7,14,14.3,14.6,14.9,15.2,15.6,15.9,16.3,16.7,17.2,17.6,18.1,18.6,19.1,19.6,20.1,20.7,21.2,21.8,22.4,23,23.6
Burundi,BDI,"Prevalence of obesity, female (% of female population ages 18+)",SH.STA.OB18.FE.ZS,,1,1,1.1,1.1,1.2,1.3,1.3,1.4,1.5,1.6,1.7,1.8,1.9,2,2.1,2.2,2.3,2.5,2.6,2.7,2.9,3,3.2,3.4,3.6,3.8,4,4.2,4.4,4.7,4.9,5.2,5.5,5.8,6.1,6.4,6.7,7.1,7.4,7.8,8.2,8.6
Belgium,BEL,"Prevalence of obesity, female (% of female population ages 18+)",SH.STA.OB18.FE.ZS,,12.4,12.5,12.7,12.9,13,13.2,13.4,13.6,13.8,14,14.2,14.4,14.6,14.8,15,15.2,15.5,15.7,15.9,16.2,16.4,16.6,16.9,17.1,17.3,17.5,17.8,18,18.2,18.4,18.7,18.9,19.1,19.3,19.5,19.7,19.9,20.1,20.3,20.5,20.7,21
Benin,BEN,"Prevalence of obesity, female (% of female population ages 18+)",SH.STA.OB18.FE.ZS,,1.7,1.9,2,2.1,2.3,2.5,2.7,2.8,3,3.2,3.4,3.7,3.9,4.1,4.4,4.6,4.9,5.1,5.4,5.7,6,6.3,6.6,6.9,7.2,7.5,7.9,8.2,8.6,8.9,9.3,9.7,10.1,10.5,10.9,11.4,11.8,12.3,12.7,13.2,13.7,14.2
Burkina Faso,BFA,"Prevalence of obesity, female (% of female population ages 18+)",SH.STA.OB18.FE.ZS,,0.7,0.7,0.8,0.8,0.9,0.9,1,1.1,1.1,1.2,1.3,1.4,1.5,1.6,1.7,1.8,1.9,2,2.1,2.2,2.3,2.5,2.6,2.8,3,3.2,3.4,3.6,3.8,4,4.3,4.6,4.9,5.2,5.5,5.8,6.1,6.5,6.9,7.3,7.7,8.1
Bangladesh,BGD,"Prevalence of obesity, female (% of female population ages 18+)",SH.STA.OB18.FE.ZS,,0.4,0.4,0.4,0.5,0.5,0.5,0.6,0.6,0.7,0.7,0.8,0.8,0.9,1,1,1.1,1.2,1.2,1.3,1.4,1.5,1.6,1.7,1.8,1.9,2,2.1,2.2,2.4,2.5,2.7,2.8,3,3.2,3.4,3.6,3.8,4,4.2,4.4,4.7,5
Bulgaria,BGR,"Prevalence of obesity, female (% of female population ages 18+)",SH.STA.OB18.FE.ZS,,12.9,13.3,13.7,14.1,14.4,14.8,15.2,15.5,15.8,16.1,16.4,16.7,16.9,17.2,17.4,17.6,17.9,18.1,18.3,18.5,18.7,19,19.2,19.4,19.6,19.8,20,20.3,20.5,20.8,21,21.3,21.6,21.9,22.2,22.5,22.8,23.1,23.4,23.7,24,24.3
Bahrain,BHR,"Prevalence of obesity, female (% of female population ages 18+)",SH.STA.OB18.FE.ZS,,22.1,22.5,22.8,23.1,23.5,23.8,24.1,24.5,24.8,25.2,25.5,25.9,26.3,26.6,27,27.3,27.7,28,28.4,28.7,29.1,29.4,29.7,30.1,30.4,30.7,31.1,31.4,31.8,32.1,32.4,32.8,33.2,33.5,33.9,34.3,34.7,35.1,35.6,36,36.4,36.8
"Bahamas, The",BHS,"Prevalence of obesity, female (% of female population ages 18+)",SH.STA.OB18.FE.ZS,,17.7,18.2,18.7,19.2,19.7,20.3,20.8,21.3,21.9,22.5,23,23.6,24.2,24.8,25.3,25.9,26.5,27,27.5,28,28.5,29,29.5,30,30.5,30.9,31.4,31.8,32.3,32.7,33.2,33.6,34.1,34.5,34.9,35.4,35.8,36.3,36.7,37.2,37.6,38.1
Bosnia and Herzegovina,BIH,"Prevalence of obesity, female (% of female population ages 18+)",SH.STA.OB18.FE.ZS,,7.7,8,8.2,8.5,8.8,9.1,9.4,9.7,10,10.3,10.6,10.8,11.1,11.4,11.6,11.8,12.1,12.3,12.5,12.8,13,13.2,13.4,13.6,13.8,14,14.3,14.5,14.7,15,15.2,15.5,15.7,16,16.3,16.5,16.8,17.1,17.4,17.8,18.1,18.4
Belarus,BLR,"Prevalence of obesity, female (% of female population ages 18+)",SH.STA.OB18.FE.ZS,,13.5,14,14.4,14.9,15.3,15.8,16.2,16.7,17.1,17.5,17.9,18.3,18.7,19.1,19.5,19.8,20.2,20.5,20.7,21,21.2,21.5,21.7,22,22.2,22.4,22.7,22.9,23.1,23.4,23.6,23.9,24.1,24.4,24.6,24.9,25.1,25.3,25.6,25.8,26,26.3
Belize,BLZ,"Prevalence of obesity, female (% of female population ages 18+)",SH.STA.OB18.FE.ZS,,13.4,13.7,13.9,14.2,14.5,14.8,15.1,15.4,15.8,16.1,16.4,16.8,17.1,17.5,17.9,18.3,18.7,19.1,19.5,20,20.4,20.9,21.4,21.9,22.5,23,23.5,24,24.6,25.1,25.6,26.1,26.6,27.1,27.6,28.1,28.7,29.2,29.8,30.3,30.9,31.5
Bermuda,BMU,"Prevalence of obesity, female (% of female population ages 18+)",SH.STA.OB18.FE.ZS,,,,,,,,,,,,,,,,,,,,,,,,,,,,,,,,,,,,,,,,,,,
Bolivia,BOL,"Prevalence of obesity, female (% of female population ages 18+)",SH.STA.OB18.FE.ZS,,7.3,7.5,7.8,8.1,8.4,8.7,9.1,9.5,9.9,10.3,10.7,11.1,11.6,12,12.5,13,13.5,14,14.5,14.9,15.4,15.9,16.4,16.8,17.3,17.8,18.2,18.7,19.2,19.6,20.1,20.6,21.1,21.5,22,22.5,23,23.5,24,24.5,25,25.6
Brazil,BRA,"Prevalence of obesity, female (% of female population ages 18+)",SH.STA.OB18.FE.ZS,,7.3,7.6,8,8.3,8.7,9,9.4,9.8,10.2,10.6,11,11.4,11.8,12.2,12.7,13.1,13.5,14,14.4,14.9,15.3,15.8,16.3,16.8,17.3,17.8,18.2,18.7,19.2,19.7,20.1,20.6,21.1,21.5,22,22.5,22.9,23.4,23.9,24.4,24.9,25.4
Barbados,BRB,"Prevalence of obesity, female (% of female population ages 18+)",SH.STA.OB18.FE.ZS,,11.5,11.9,12.3,12.7,13.1,13.6,14,14.3,14.7,15,15.3,15.6,15.9,16.2,16.5,16.8,17.1,17.5,17.9,18.4,18.9,19.4,20,20.5,21.1,21.7,22.3,22.9,23.5,24.1,24.6,25.2,25.8,26.4,27,27.6,28.2,28.8,29.4,30,30.7,31.3
Brunei Darussalam,BRN,"Prevalence of obesity, female (% of female population ages 18+)",SH.STA.OB18.FE.ZS,,3.9,4,4.1,4.2,4.3,4.4,4.5,4.6,4.7,4.9,5,5.2,5.4,5.7,5.9,6.2,6.4,6.7,7,7.3,7.6,7.9,8.2,8.5,8.8,9.1,9.5,9.8,10.2,10.6,10.9,11.3,11.7,12.1,12.6,13,13.4,13.9,14.3,14.8,15.3,15.7
Bhutan,BTN,"Prevalence of obesity, female (% of female population ages 18+)",SH.STA.OB18.FE.ZS,,0.6,0.7,0.7,0.8,0.8,0.9,1,1,1.1,1.2,1.3,1.4,1.5,1.6,1.7,1.8,1.9,2.1,2.2,2.4,2.5,2.7,2.9,3.1,3.3,3.6,3.8,4,4.3,4.6,4.9,5.2,5.5,5.8,6.1,6.4,6.7,7.1,7.4,7.8,8.1,8.5
Botswana,BWA,"Prevalence of obesity, female (% of female population ages 18+)",SH.STA.OB18.FE.ZS,,4.6,4.9,5.2,5.5,5.9,6.3,6.7,7.2,7.7,8.2,8.9,9.6,10.4,11.2,12.2,13.1,14.1,15.1,16,16.9,17.7,18.5,19.3,20,20.6,21.3,21.9,22.5,23,23.6,24.1,24.6,25.1,25.6,26.1,26.5,27,27.5,27.9,28.4,28.9,29.3
Central African Republic,CAF,"Prevalence of obesity, female (% of female population ages 18+)",SH.STA.OB18.FE.ZS,,1.9,2,2.2,2.3,2.4,2.5,2.7,2.8,2.9,3.1,3.2,3.3,3.5,3.7,3.8,4,4.1,4.3,4.5,4.7,4.9,5.1,5.3,5.5,5.7,5.9,6.1,6.4,6.6,6.9,7.2,7.4,7.7,8,8.4,8.7,9,9.4,9.7,10.1,10.5,10.9
Canada,CAN,"Prevalence of obesity, female (% of female population ages 18+)",SH.STA.OB18.FE.ZS,,10.8,11,11.3,11.6,11.9,12.2,12.5,12.8,13.2,13.5,13.9,14.3,14.7,15.1,15.5,15.9,16.3,16.8,17.3,17.8,18.3,18.8,19.3,19.8,20.4,20.9,21.5,22,22.6,23.1,23.6,24.1,24.6,25.2,25.7,26.2,26.7,27.2,27.7,28.3,28.8,29.3
Central Europe and the Baltics,CEB,"Prevalence of obesity, female (% of female population ages 18+)",SH.STA.OB18.FE.ZS,,,,,,,,,,,,,,,,,,,,,,,,,,,,,,,,,,,,,,,,,,,
Switzerland,CHE,"Prevalence of obesity, female (% of female population ages 18+)",SH.STA.OB18.FE.ZS,,5.3,5.5,5.6,5.8,5.9,6,6.2,6.4,6.7,7,7.4,7.8,8.2,8.6,9.1,9.6,10,10.5,10.8,11.2,11.5,11.8,12.1,12.4,12.6,12.8,13.1,13.3,13.6,13.8,14.1,14.3,14.5,14.8,15,15.3,15.5,15.8,16.1,16.3,16.6,16.9
Channel Islands,CHI,"Prevalence of obesity, female (% of female population ages 18+)",SH.STA.OB18.FE.ZS,,,,,,,,,,,,,,,,,,,,,,,,,,,,,,,,,,,,,,,,,,,
Chile,CHL,"Prevalence of obesity, female (% of female population ages 18+)",SH.STA.OB18.FE.ZS,,14.2,14.6,14.9,15.3,15.7,16.1,16.5,16.9,17.3,17.7,18,18.4,18.8,19.1,19.5,19.8,20.2,20.5,20.9,21.3,21.7,22.1,22.5,22.9,23.3,23.8,24.2,24.7,25.1,25.5,26,26.4,26.9,27.3,27.8,28.2,28.7,29.1,29.6,30,30.5,31
China,CHN,"Prevalence of obesity, female (% of female population ages 18+)",SH.STA.OB18.FE.ZS,,0.7,0.8,0.8,0.9,0.9,1,1,1.1,1.1,1.2,1.3,1.4,1.4,1.5,1.6,1.7,1.8,1.9,2,2.1,2.3,2.4,2.5,2.7,2.8,2.9,3.1,3.3,3.5,3.6,3.8,4,4.3,4.5,4.7,5,5.2,5.5,5.7,6,6.2,6.5
Cote d'Ivoire,CIV,"Prevalence of obesity, female (% of female population ages 18+)",SH.STA.OB18.FE.ZS,,2.5,2.6,2.8,3,3.2,3.4,3.5,3.7,3.9,4.1,4.3,4.5,4.7,4.9,5.1,5.3,5.6,5.8,6,6.3,6.6,6.9,7.1,7.5,7.8,8.1,8.5,8.8,9.2,9.6,10,10.4,10.8,11.3,11.7,12.2,12.7,13.2,13.7,14.2,14.7,15.2
Cameroon,CMR,"Prevalence of obesity, female (% of female population ages 18+)",SH.STA.OB18.FE.ZS,,2.2,2.3,2.5,2.7,2.9,3.1,3.3,3.5,3.7,4,4.2,4.5,4.7,5,5.3,5.5,5.8,6.1,6.4,6.8,7.1,7.4,7.8,8.1,8.5,8.9,9.3,9.7,10.1,10.6,11,11.5,11.9,12.4,12.9,13.4,13.9,14.4,14.9,15.4,15.9,16.4
"Congo, Dem. Rep.",COD,"Prevalence of obesity, female (% of female population ages 18+)",SH.STA.OB18.FE.ZS,,1.4,1.4,1.5,1.6,1.6,1.7,1.8,1.9,2,2.1,2.2,2.3,2.4,2.5,2.7,2.8,3,3.1,3.3,3.4,3.6,3.8,4,4.2,4.4,4.6,4.9,5.1,5.4,5.6,5.9,6.2,6.5,6.8,7.1,7.4,7.8,8.1,8.5,8.9,9.3,9.7
"Congo, Rep.",COG,"Prevalence of obesity, female (% of female population ages 18+)",SH.STA.OB18.FE.ZS,,2.5,2.6,2.8,2.9,3.1,3.3,3.5,3.7,3.9,4.1,4.3,4.5,4.7,4.9,5.1,5.3,5.6,5.8,6,6.2,6.5,6.7,7,7.3,7.5,7.8,8.1,8.4,8.7,9.1,9.4,9.7,10.1,10.4,10.8,11.1,11.5,11.9,12.3,12.7,13.1,13.5
Colombia,COL,"Prevalence of obesity, female (% of female population ages 18+)",SH.STA.OB18.FE.ZS,,9.6,9.9,10.3,10.7,11,11.4,11.8,12.2,12.5,12.9,13.4,13.8,14.2,14.6,15,15.4,15.8,16.2,16.6,17,17.4,17.9,18.3,18.7,19.1,19.5,19.9,20.4,20.8,21.2,21.6,22.1,22.5,22.9,23.4,23.8,24.3,24.7,25.2,25.7,26.1,26.6
Comoros,COM,"Prevalence of obesity, female (% of female population ages 18+)",SH.STA.OB18.FE.ZS,,2,2.1,2.2,2.3,2.4,2.6,2.7,2.8,3,3.1,3.3,3.5,3.7,3.9,4.1,4.3,4.5,4.7,4.9,5.1,5.3,5.6,5.8,6,6.3,6.5,6.8,7.1,7.3,7.6,7.9,8.3,8.6,8.9,9.3,9.6,10,10.4,10.8,11.3,11.7,12.2
Cabo Verde,CPV,"Prevalence of obesity, female (% of female population ages 18+)",SH.STA.OB18.FE.ZS,,1.8,1.9,2,2.1,2.2,2.3,2.4,2.6,2.8,3,3.2,3.5,3.8,4.1,4.5,4.9,5.3,5.8,6.2,6.6,7,7.4,7.8,8.2,8.6,9,9.4,9.8,10.2,10.7,11.1,11.6,12,12.5,12.9,13.4,13.9,14.4,14.8,15.3,15.8,16.3
Costa Rica,CRI,"Prevalence of obesity, female (% of female population ages 18+)",SH.STA.OB18.FE.ZS,,7.7,8,8.3,8.6,8.9,9.2,9.6,9.9,10.3,10.7,11,11.4,11.9,12.3,12.8,13.3,13.9,14.4,15,15.5,16.1,16.7,17.3,17.9,18.5,19.1,19.8,20.4,21.1,21.8,22.5,23.3,24,24.7,25.4,26.2,26.9,27.6,28.3,29,29.7,30.4
Caribbean small states,CSS,"Prevalence of obesity, female (% of female population ages 18+)",SH.STA.OB18.FE.ZS,,,,,,,,,,,,,,,,,,,,,,,,,,,,,,,,,,,,,,,,,,,
Cuba,CUB,"Prevalence of obesity, female (% of female population ages 18+)",SH.STA.OB18.FE.ZS,,12.1,12.5,12.9,13.4,13.8,14.3,14.8,15.3,15.8,16.2,16.7,17.2,17.6,18.1,18.6,19,19.5,20,20.4,20.8,21.2,21.7,22.1,22.5,22.9,23.3,23.8,24.2,24.6,25.1,25.5,25.9,26.3,26.8,27.2,27.6,28.1,28.5,29,29.4,29.9,30.3
Curacao,CUW,"Prevalence of obesity, female (% of female population ages 18+)",SH.STA.OB18.FE.ZS,,,,,,,,,,,,,,,,,,,,,,,,,,,,,,,,,,,,,,,,,,,
Cayman Islands,CYM,"Prevalence of obesity, female (% of female population ages 18+)",SH.STA.OB18.FE.ZS,,,,,,,,,,,,,,,,,,,,,,,,,,,,,,,,,,,,,,,,,,,
Cyprus,CYP,"Prevalence of obesity, female (% of female population ages 18+)",SH.STA.OB18.FE.ZS,,6.9,7.3,7.7,8.2,8.8,9.3,9.9,10.5,11.1,11.6,12.2,12.7,13.2,13.6,14,14.4,14.8,15.2,15.5,15.8,16.2,16.5,16.8,17.1,17.4,17.7,18,18.3,18.5,18.8,19.1,19.3,19.5,19.8,20,20.2,20.5,20.7,20.9,21.1,21.4,21.6
Czech Republic,CZE,"Prevalence of obesity, female (% of female population ages 18+)",SH.STA.OB18.FE.ZS,,17.1,17.5,17.9,18.3,18.7,19.1,19.5,19.8,20.1,20.3,20.5,20.7,20.8,21,21.1,21.2,21.3,21.4,21.5,21.6,21.7,21.8,21.9,22,22.1,22.3,22.4,22.6,22.7,22.9,23.1,23.2,23.4,23.6,23.8,24,24.3,24.5,24.7,25,25.2,25.4
Germany,DEU,"Prevalence of obesity, female (% of female population ages 18+)",SH.STA.OB18.FE.ZS,,9.8,10,10.2,10.4,10.5,10.7,10.9,11.1,11.3,11.6,11.8,12,12.2,12.5,12.7,13,13.3,13.5,13.8,14.1,14.4,14.7,15,15.2,15.5,15.8,16.1,16.3,16.6,16.9,17.2,17.5,17.7,18,18.3,18.6,18.9,19.2,19.5,19.8,20.1,20.4
Djibouti,DJI,"Prevalence of obesity, female (% of female population ages 18+)",SH.STA.OB18.FE.ZS,,6.4,6.7,7,7.3,7.6,7.9,8.3,8.6,8.9,9.2,9.5,9.8,10.1,10.3,10.6,10.9,11.1,11.4,11.6,11.8,12.1,12.3,12.6,12.8,13.1,13.3,13.6,13.9,14.1,14.4,14.7,15,15.3,15.6,15.9,16.3,16.6,16.9,17.3,17.6,18,18.3
Dominica,DMA,"Prevalence of obesity, female (% of female population ages 18+)",SH.STA.OB18.FE.ZS,,10.3,10.8,11.3,11.8,12.3,12.8,13.4,14,14.7,15.4,16.2,16.9,17.8,18.6,19.5,20.4,21.2,22,22.7,23.4,24,24.6,25.2,25.7,26.2,26.7,27.3,27.8,28.3,28.9,29.4,29.9,30.5,31,31.6,32.2,32.7,33.3,33.9,34.4,35,35.6
Denmark,DNK,"Prevalence of obesity, female (% of female population ages 18+)",SH.STA.OB18.FE.ZS,,7.9,8.1,8.3,8.5,8.7,9,9.2,9.3,9.5,9.7,9.9,10.1,10.3,10.6,10.8,11,11.2,11.4,11.6,11.9,12.1,12.3,12.5,12.8,13,13.2,13.4,13.7,13.9,14.1,14.3,14.6,14.8,15,15.3,15.5,15.7,16,16.2,16.5,16.7,17
Dominican Republic,DOM,"Prevalence of obesity, female (% of female population ages 18+)",SH.STA.OB18.FE.ZS,,9.3,9.8,10.3,10.8,11.3,11.8,12.4,12.9,13.4,13.9,14.4,14.9,15.4,15.8,16.3,16.7,17.2,17.7,18.2,18.7,19.2,19.8,20.3,20.9,21.6,22.2,22.9,23.6,24.3,25,25.8,26.5,27.3,28.1,28.8,29.6,30.4,31.2,31.9,32.7,33.4,34.1
Algeria,DZA,"Prevalence of obesity, female (% of female population ages 18+)",SH.STA.OB18.FE.ZS,,10.7,11.1,11.4,11.8,12.2,12.7,13.1,13.6,14.1,14.6,15.2,15.7,16.3,16.9,17.5,18.1,18.7,19.3,19.9,20.5,21.1,21.7,22.4,23,23.6,24.2,24.9,25.5,26.2,26.8,27.5,28.2,28.8,29.5,30.2,30.9,31.5,32.2,32.9,33.6,34.2,34.9
East Asia & Pacific (excluding high income),EAP,"Prevalence of obesity, female (% of female population ages 18+)",SH.STA.OB18.FE.ZS,,,,,,,,,,,,,,,,,,,,,,,,,,,,,,,,,,,,,,,,,,,
Early-demographic dividend,EAR,"Prevalence of obesity, female (% of female population ages 18+)",SH.STA.OB18.FE.ZS,,,,,,,,,,,,,,,,,,,,,,,,,,,,,,,,,,,,,,,,,,,
East Asia & Pacific,EAS,"Prevalence of obesity, female (% of female population ages 18+)",SH.STA.OB18.FE.ZS,,,,,,,,,,,,,,,,,,,,,,,,,,,,,,,,,,,,,,,,,,,
Europe & Central Asia (excluding high income),ECA,"Prevalence of obesity, female (% of female population ages 18+)",SH.STA.OB18.FE.ZS,,,,,,,,,,,,,,,,,,,,,,,,,,,,,,,,,,,,,,,,,,,
Europe & Central Asia,ECS,"Prevalence of obesity, female (% of female population ages 18+)",SH.STA.OB18.FE.ZS,,,,,,,,,,,,,,,,,,,,,,,,,,,,,,,,,,,,,,,,,,,
Ecuador,ECU,"Prevalence of obesity, female (% of female population ages 18+)",SH.STA.OB18.FE.ZS,,7.5,7.8,8.1,8.4,8.8,9.1,9.5,9.9,10.2,10.6,11.1,11.5,11.9,12.3,12.7,13.2,13.6,14,14.5,14.9,15.3,15.8,16.2,16.6,17.1,17.5,18,18.4,18.8,19.3,19.7,20.2,20.6,21,21.5,21.9,22.4,22.8,23.3,23.7,24.2,24.7
"Egypt, Arab Rep.",EGY,"Prevalence of obesity, female (% of female population ages 18+)",SH.STA.OB18.FE.ZS,,17.9,18.4,18.9,19.3,19.8,20.3,20.8,21.3,21.8,22.3,22.7,23.2,23.7,24.2,24.7,25.2,25.7,26.2,26.7,27.2,27.8,28.3,28.8,29.4,30,30.6,31.2,31.8,32.4,33,33.7,34.3,35,35.6,36.3,37,37.6,38.3,39,39.7,40.4,41.1
Euro area,EMU,"Prevalence of obesity, female (% of female population ages 18+)",SH.STA.OB18.FE.ZS,,,,,,,,,,,,,,,,,,,,,,,,,,,,,,,,,,,,,,,,,,,
Eritrea,ERI,"Prevalence of obesity, female (% of female population ages 18+)",SH.STA.OB18.FE.ZS,,1,1,1.1,1.2,1.2,1.3,1.3,1.4,1.5,1.6,1.6,1.7,1.8,1.9,2,2.1,2.2,2.3,2.4,2.5,2.7,2.8,3,3.1,3.3,3.4,3.6,3.8,4,4.2,4.4,4.6,4.9,5.1,5.4,5.6,5.9,6.2,6.5,6.9,7.2,7.6
Spain,ESP,"Prevalence of obesity, female (% of female population ages 18+)",SH.STA.OB18.FE.ZS,,11.5,11.8,12.2,12.5,12.9,13.2,13.6,13.9,14.2,14.6,14.9,15.2,15.5,15.8,16.1,16.4,16.7,17,17.2,17.5,17.8,18.1,18.3,18.6,18.8,19.1,19.3,19.6,19.8,20.1,20.3,20.5,20.8,21,21.2,21.4,21.7,21.9,22.1,22.3,22.5,22.8
Estonia,EST,"Prevalence of obesity, female (% of female population ages 18+)",SH.STA.OB18.FE.ZS,,16.6,16.8,17,17.2,17.4,17.6,17.8,18,18.1,18.3,18.4,18.5,18.7,18.8,18.9,19,19.1,19.1,19.2,19.3,19.3,19.4,19.4,19.5,19.6,19.6,19.7,19.8,19.9,20,20.2,20.3,20.4,20.5,20.7,20.8,21,21.1,21.3,21.4,21.6,21.8
Ethiopia,ETH,"Prevalence of obesity, female (% of female population ages 18+)",SH.STA.OB18.FE.ZS,,0.8,0.9,0.9,1,1,1.1,1.1,1.2,1.2,1.3,1.4,1.5,1.5,1.6,1.7,1.8,1.9,2,2.1,2.2,2.4,2.5,2.6,2.8,2.9,3.1,3.2,3.4,3.6,3.8,4,4.2,4.4,4.6,4.9,5.1,5.4,5.7,5.9,6.3,6.6,6.9
European Union,EUU,"Prevalence of obesity, female (% of female population ages 18+)",SH.STA.OB18.FE.ZS,,,,,,,,,,,,,,,,,,,,,,,,,,,,,,,,,,,,,,,,,,,
Fragile and conflict affected situations,FCS,"Prevalence of obesity, female (% of female population ages 18+)",SH.STA.OB18.FE.ZS,,,,,,,,,,,,,,,,,,,,,,,,,,,,,,,,,,,,,,,,,,,
Finland,FIN,"Prevalence of obesity, female (% of female population ages 18+)",SH.STA.OB18.FE.ZS,,7.8,8,8.3,8.6,8.9,9.2,9.5,9.9,10.2,10.5,10.9,11.3,11.6,12,12.4,12.8,13.1,13.5,13.8,14.2,14.5,14.9,15.2,15.5,15.8,16.1,16.4,16.7,17,17.3,17.6,17.9,18.1,18.4,18.7,18.9,19.2,19.5,19.7,20,20.3,20.6
Fiji,FJI,"Prevalence of obesity, female (% of female population ages 18+)",SH.STA.OB18.FE.ZS,,13.3,13.8,14.2,14.6,15,15.5,15.9,16.4,16.8,17.2,17.7,18.2,18.7,19.2,19.7,20.3,20.9,21.5,22.1,22.8,23.4,24,24.7,25.3,25.9,26.5,27.1,27.6,28.2,28.7,29.3,29.8,30.4,30.9,31.5,32,32.6,33.1,33.6,34.2,34.7,35.3
France,FRA,"Prevalence of obesity, female (% of female population ages 18+)",SH.STA.OB18.FE.ZS,,10.7,10.9,11.1,11.4,11.6,11.8,12,12.2,12.4,12.6,12.9,13.1,13.3,13.5,13.8,14,14.3,14.5,14.8,15,15.3,15.6,15.9,16.1,16.4,16.7,17,17.3,17.5,17.8,18.1,18.4,18.6,18.9,19.2,19.5,19.7,20,20.3,20.5,20.8,21.1
Faroe Islands,FRO,"Prevalence of obesity, female (% of female population ages 18+)",SH.STA.OB18.FE.ZS,,,,,,,,,,,,,,,,,,,,,,,,,,,,,,,,,,,,,,,,,,,
"Micronesia, Fed. Sts.",FSM,"Prevalence of obesity, female (% of female population ages 18+)",SH.STA.OB18.FE.ZS,,24.6,25.4,26.1,26.8,27.5,28.2,28.9,29.6,30.3,31,31.7,32.4,33.1,33.8,34.5,35.2,35.8,36.5,37.2,37.9,38.5,39.2,39.8,40.3,40.9,41.5,42,42.6,43.2,43.8,44.5,45.1,45.7,46.4,47.1,47.7,48.3,49,49.6,50.2,50.9,51.5
Gabon,GAB,"Prevalence of obesity, female (% of female population ages 18+)",SH.STA.OB18.FE.ZS,,2.9,3.1,3.5,3.8,4.2,4.6,5,5.4,5.8,6.2,6.7,7.1,7.5,7.9,8.4,8.8,9.3,9.7,10.2,10.6,11.1,11.6,12.1,12.5,13,13.5,13.9,14.4,14.8,15.3,15.7,16.2,16.6,17,17.4,17.9,18.3,18.7,19.1,19.5,19.9,20.3
United Kingdom,GBR,"Prevalence of obesity, female (% of female population ages 18+)",SH.STA.OB18.FE.ZS,,10.8,11,11.3,11.6,11.9,12.2,12.5,12.8,13.1,13.5,13.8,14.1,14.5,14.8,15.2,15.6,16,16.4,16.8,17.3,17.7,18.2,18.7,19.1,19.6,20.1,20.6,21.2,21.7,22.2,22.7,23.3,23.8,24.3,24.9,25.4,26,26.5,27,27.6,28.1,28.6
Georgia,GEO,"Prevalence of obesity, female (% of female population ages 18+)",SH.STA.OB18.FE.ZS,,8,8.3,8.6,8.9,9.2,9.5,9.8,10.1,10.4,10.7,11,11.4,11.7,12,12.4,12.7,13,13.3,13.6,14,14.3,14.6,14.9,15.2,15.5,15.9,16.2,16.6,17,17.4,17.8,18.3,18.8,19.2,19.8,20.3,20.8,21.4,22,22.5,23.1,23.8
Ghana,GHA,"Prevalence of obesity, female (% of female population ages 18+)",SH.STA.OB18.FE.ZS,,2.7,2.8,2.9,3.1,3.2,3.4,3.5,3.7,3.8,4,4.2,4.4,4.7,4.9,5.2,5.4,5.7,6,6.4,6.7,7.1,7.4,7.8,8.2,8.6,9,9.4,9.9,10.3,10.8,11.2,11.7,12.2,12.6,13.1,13.6,14.1,14.6,15.1,15.6,16.1,16.6
Gibraltar,GIB,"Prevalence of obesity, female (% of female population ages 18+)",SH.STA.OB18.FE.ZS,,,,,,,,,,,,,,,,,,,,,,,,,,,,,,,,,,,,,,,,,,,
Guinea,GIN,"Prevalence of obesity, female (% of female population ages 18+)",SH.STA.OB18.FE.ZS,,1.4,1.5,1.6,1.8,1.9,2,2.1,2.3,2.4,2.6,2.7,2.9,3.1,3.2,3.4,3.6,3.8,3.9,4.1,4.3,4.5,4.8,5,5.2,5.5,5.7,6,6.3,6.6,6.9,7.2,7.5,7.9,8.2,8.6,9,9.4,9.8,10.2,10.6,11,11.5
"Gambia, The",GMB,"Prevalence of obesity, female (% of female population ages 18+)",SH.STA.OB18.FE.ZS,,1.6,1.8,1.9,2,2.2,2.3,2.5,2.6,2.8,3,3.2,3.4,3.6,3.8,4.1,4.3,4.6,4.9,5.2,5.5,5.8,6.1,6.5,6.8,7.2,7.6,8,8.4,8.8,9.2,9.6,10.1,10.5,11,11.4,11.9,12.4,12.9,13.3,13.8,14.3,14.8
Guinea-Bissau,GNB,"Prevalence of obesity, female (% of female population ages 18+)",SH.STA.OB18.FE.ZS,,1.5,1.5,1.6,1.7,1.8,1.9,2,2.1,2.3,2.4,2.6,2.7,2.9,3.2,3.4,3.6,3.9,4.1,4.4,4.7,5,5.3,5.6,5.9,6.3,6.6,7,7.3,7.7,8.1,8.5,8.9,9.4,9.8,10.3,10.7,11.2,11.7,12.1,12.6,13.1,13.7
Equatorial Guinea,GNQ,"Prevalence of obesity, female (% of female population ages 18+)",SH.STA.OB18.FE.ZS,,2.1,2.2,2.3,2.4,2.5,2.6,2.7,2.8,2.9,3.1,3.2,3.4,3.6,3.8,4,4.2,4.5,4.8,5,5.3,5.6,5.9,6.2,6.5,6.8,7,7.3,7.6,7.9,8.2,8.5,8.8,9.1,9.5,9.8,10.2,10.5,10.9,11.3,11.7,12.2,12.6
Greece,GRC,"Prevalence of obesity, female (% of female population ages 18+)",SH.STA.OB18.FE.ZS,,12.6,12.9,13.3,13.6,14,14.3,14.7,15,15.4,15.7,16,16.4,16.7,17,17.4,17.7,18,18.3,18.7,19,19.3,19.6,19.9,20.2,20.5,20.8,21.1,21.4,21.7,22,22.3,22.6,22.9,23.2,23.5,23.7,24,24.3,24.6,24.9,25.1,25.4
Grenada,GRD,"Prevalence of obesity, female (% of female population ages 18+)",SH.STA.OB18.FE.ZS,,8.8,9.1,9.4,9.7,10,10.3,10.6,11,11.3,11.7,12.1,12.5,12.9,13.3,13.7,14.1,14.5,15,15.5,16,16.5,17,17.6,18.1,18.7,19.3,19.9,20.5,21.1,21.7,22.2,22.8,23.4,24,24.6,25.2,25.8,26.5,27.1,27.7,28.4,29
Greenland,GRL,"Prevalence of obesity, female (% of female population ages 18+)",SH.STA.OB18.FE.ZS,,,,,,,,,,,,,,,,,,,,,,,,,,,,,,,,,,,,,,,,,,,
Guatemala,GTM,"Prevalence of obesity, female (% of female population ages 18+)",SH.STA.OB18.FE.ZS,,7.7,8,8.2,8.5,8.8,9,9.3,9.7,10,10.3,10.7,11,11.4,11.8,12.2,12.6,13,13.5,13.9,14.4,14.8,15.3,15.8,16.3,16.8,17.3,17.8,18.3,18.9,19.4,20,20.5,21.1,21.6,22.2,22.8,23.4,24,24.6,25.2,25.8,26.4
Guam,GUM,"Prevalence of obesity, female (% of female population ages 18+)",SH.STA.OB18.FE.ZS,,,,,,,,,,,,,,,,,,,,,,,,,,,,,,,,,,,,,,,,,,,
Guyana,GUY,"Prevalence of obesity, female (% of female population ages 18+)",SH.STA.OB18.FE.ZS,,8.1,8.4,8.7,9,9.3,9.6,9.9,10.3,10.6,10.9,11.3,11.6,12,12.3,12.7,13.1,13.5,13.9,14.3,14.7,15.2,15.6,16.1,16.6,17,17.5,18.1,18.6,19.1,19.6,20.2,20.8,21.3,21.9,22.5,23.1,23.8,24.4,25.1,25.7,26.4,27.1
High income,HIC,"Prevalence of obesity, female (% of female population ages 18+)",SH.STA.OB18.FE.ZS,,,,,,,,,,,,,,,,,,,,,,,,,,,,,,,,,,,,,,,,,,,
"Hong Kong SAR, China",HKG,"Prevalence of obesity, female (% of female population ages 18+)",SH.STA.OB18.FE.ZS,,,,,,,,,,,,,,,,,,,,,,,,,,,,,,,,,,,,,,,,,,,
Honduras,HND,"Prevalence of obesity, female (% of female population ages 18+)",SH.STA.OB18.FE.ZS,,6.5,6.8,7.1,7.4,7.8,8.1,8.4,8.8,9.2,9.6,9.9,10.4,10.8,11.2,11.6,12.1,12.5,13,13.5,13.9,14.4,14.9,15.4,15.9,16.5,17,17.6,18.1,18.7,19.3,19.9,20.5,21.1,21.7,22.3,22.9,23.6,24.2,24.9,25.5,26.2,26.9
Heavily indebted poor countries (HIPC),HPC,"Prevalence of obesity, female (% of female population ages 18+)",SH.STA.OB18.FE.ZS,,,,,,,,,,,,,,,,,,,,,,,,,,,,,,,,,,,,,,,,,,,
Croatia,HRV,"Prevalence of obesity, female (% of female population ages 18+)",SH.STA.OB18.FE.ZS,,11.5,11.9,12.2,12.6,13,13.4,13.8,14.1,14.5,14.8,15.1,15.4,15.7,16,16.2,16.5,16.7,17,17.2,17.5,17.7,18,18.2,18.5,18.7,19,19.3,19.6,19.9,20.2,20.5,20.8,21.1,21.5,21.8,22.2,22.6,22.9,23.3,23.7,24.1,24.5
Haiti,HTI,"Prevalence of obesity, female (% of female population ages 18+)",SH.STA.OB18.FE.ZS,,4.7,4.9,5.1,5.3,5.5,5.8,6,6.3,6.5,6.8,7.2,7.5,7.9,8.3,8.8,9.3,9.7,10.2,10.8,11.3,11.8,12.4,12.9,13.5,14,14.6,15.2,15.8,16.5,17.3,18,18.8,19.6,20.4,21.3,22.1,22.9,23.7,24.5,25.3,26.1,26.9
Hungary,HUN,"Prevalence of obesity, female (% of female population ages 18+)",SH.STA.OB18.FE.ZS,,15.1,15.3,15.5,15.8,16,16.2,16.5,16.7,16.9,17.1,17.3,17.5,17.7,17.9,18.1,18.3,18.5,18.6,18.8,18.9,19.1,19.2,19.4,19.5,19.7,19.8,20,20.2,20.5,20.7,21,21.3,21.6,21.9,22.2,22.5,22.9,23.2,23.6,23.9,24.3,24.6
IBRD only,IBD,"Prevalence of obesity, female (% of female population ages 18+)",SH.STA.OB18.FE.ZS,,,,,,,,,,,,,,,,,,,,,,,,,,,,,,,,,,,,,,,,,,,
IDA & IBRD total,IBT,"Prevalence of obesity, female (% of female population ages 18+)",SH.STA.OB18.FE.ZS,,,,,,,,,,,,,,,,,,,,,,,,,,,,,,,,,,,,,,,,,,,
IDA total,IDA,"Prevalence of obesity, female (% of female population ages 18+)",SH.STA.OB18.FE.ZS,,,,,,,,,,,,,,,,,,,,,,,,,,,,,,,,,,,,,,,,,,,
IDA blend,IDB,"Prevalence of obesity, female (% of female population ages 18+)",SH.STA.OB18.FE.ZS,,,,,,,,,,,,,,,,,,,,,,,,,,,,,,,,,,,,,,,,,,,
Indonesia,IDN,"Prevalence of obesity, female (% of female population ages 18+)",SH.STA.OB18.FE.ZS,,0.7,0.7,0.8,0.8,0.9,0.9,1,1.1,1.2,1.2,1.3,1.4,1.5,1.6,1.8,1.9,2,2.2,2.3,2.5,2.7,2.9,3.1,3.3,3.5,3.8,4,4.3,4.5,4.8,5.1,5.4,5.7,6,6.3,6.6,7,7.3,7.7,8.1,8.5,8.9
IDA only,IDX,"Prevalence of obesity, female (% of female population ages 18+)",SH.STA.OB18.FE.ZS,,,,,,,,,,,,,,,,,,,,,,,,,,,,,,,,,,,,,,,,,,,
Isle of Man,IMN,"Prevalence of obesity, female (% of female population ages 18+)",SH.STA.OB18.FE.ZS,,,,,,,,,,,,,,,,,,,,,,,,,,,,,,,,,,,,,,,,,,,
India,IND,"Prevalence of obesity, female (% of female population ages 18+)",SH.STA.OB18.FE.ZS,,0.5,0.6,0.6,0.6,0.7,0.7,0.8,0.8,0.9,0.9,1,1.1,1.1,1.2,1.3,1.3,1.4,1.5,1.6,1.7,1.8,1.9,2,2.1,2.2,2.3,2.4,2.6,2.7,2.8,3,3.1,3.3,3.4,3.6,3.8,4,4.2,4.4,4.6,4.8,5.1
Ireland,IRL,"Prevalence of obesity, female (% of female population ages 18+)",SH.STA.OB18.FE.ZS,,6.9,7.2,7.5,7.7,8,8.3,8.7,9,9.3,9.6,10,10.3,10.7,11.1,11.4,11.8,12.2,12.6,13.1,13.5,14,14.4,14.9,15.4,15.9,16.5,17,17.5,18.1,18.6,19.2,19.7,20.3,20.8,21.4,22,22.5,23.1,23.7,24.3,24.9,25.5
"Iran, Islamic Rep.",IRN,"Prevalence of obesity, female (% of female population ages 18+)",SH.STA.OB18.FE.ZS,,10.4,10.8,11.3,11.7,12.2,12.7,13.2,13.6,14.1,14.6,15.1,15.6,16.1,16.6,17.1,17.6,18.1,18.6,19.1,19.6,20.2,20.7,21.3,21.8,22.4,23,23.5,24.1,24.7,25.3,25.8,26.4,27,27.6,28.2,28.7,29.3,29.9,30.5,31.1,31.7,32.2
Iraq,IRQ,"Prevalence of obesity, female (% of female population ages 18+)",SH.STA.OB18.FE.ZS,,17.2,17.7,18.3,18.9,19.5,20.1,20.7,21.2,21.8,22.3,22.9,23.4,23.9,24.4,24.8,25.3,25.7,26.1,26.5,26.9,27.2,27.6,27.9,28.3,28.7,29.1,29.5,29.9,30.4,30.8,31.3,31.7,32.2,32.7,33.2,33.7,34.3,34.8,35.3,35.9,36.4,37
Iceland,ISL,"Prevalence of obesity, female (% of female population ages 18+)",SH.STA.OB18.FE.ZS,,9.6,9.8,10,10.2,10.4,10.7,10.9,11.1,11.3,11.6,11.8,12,12.3,12.5,12.8,13.1,13.3,13.6,13.9,14.1,14.4,14.7,14.9,15.2,15.4,15.7,15.9,16.2,16.4,16.7,16.9,17.2,17.4,17.6,17.8,18.1,18.3,18.5,18.7,18.9,19.2,19.4
Israel,ISR,"Prevalence of obesity, female (% of female population ages 18+)",SH.STA.OB18.FE.ZS,,16.4,16.7,17,17.3,17.6,17.9,18.2,18.4,18.7,19,19.3,19.6,19.8,20.1,20.3,20.6,20.8,21.1,21.4,21.6,21.9,22.1,22.3,22.6,22.8,23.1,23.3,23.5,23.7,24,24.2,24.4,24.6,24.8,24.9,25.1,25.3,25.5,25.7,25.9,26.1,26.2
Italy,ITA,"Prevalence of obesity, female (% of female population ages 18+)",SH.STA.OB18.FE.ZS,,10.1,10.3,10.6,10.8,11,11.2,11.5,11.7,11.9,12.1,12.4,12.6,12.8,13,13.2,13.5,13.7,13.9,14.2,14.4,14.6,14.9,15.1,15.4,15.6,15.9,16.1,16.4,16.6,16.8,17.1,17.3,17.5,17.8,18,18.2,18.4,18.6,18.9,19.1,19.3,19.5
Jamaica,JAM,"Prevalence of obesity, female (% of female population ages 18+)",SH.STA.OB18.FE.ZS,,11,11.5,11.9,12.4,12.9,13.3,13.8,14.3,14.8,15.3,15.8,16.3,16.8,17.3,17.7,18.2,18.8,19.3,19.8,20.3,20.9,21.4,22,22.5,23.1,23.7,24.3,24.9,25.5,26.1,26.7,27.3,27.9,28.5,29.1,29.7,30.3,30.9,31.6,32.2,32.8,33.4
Jordan,JOR,"Prevalence of obesity, female (% of female population ages 18+)",SH.STA.OB18.FE.ZS,,18.5,19,19.4,19.9,20.4,20.9,21.5,22.1,22.8,23.5,24.2,25,25.8,26.6,27.4,28.2,29,29.7,30.5,31.2,31.9,32.6,33.2,33.8,34.4,34.9,35.5,36,36.5,37,37.4,37.9,38.4,38.9,39.5,40,40.5,41,41.5,42,42.5,43.1
Japan,JPN,"Prevalence of obesity, female (% of female population ages 18+)",SH.STA.OB18.FE.ZS,,1.4,1.5,1.5,1.5,1.6,1.6,1.6,1.6,1.7,1.7,1.7,1.7,1.8,1.8,1.8,1.8,1.9,1.9,2,2,2,2.1,2.1,2.2,2.2,2.2,2.3,2.4,2.5,2.5,2.6,2.7,2.8,2.9,3,3.1,3.2,3.3,3.4,3.5,3.6,3.7
Kazakhstan,KAZ,"Prevalence of obesity, female (% of female population ages 18+)",SH.STA.OB18.FE.ZS,,8.1,8.3,8.6,8.9,9.2,9.4,9.7,10,10.3,10.6,10.9,11.3,11.6,11.9,12.2,12.5,12.8,13.1,13.4,13.7,14.1,14.4,14.7,15,15.4,15.7,16.1,16.5,16.9,17.2,17.6,18,18.4,18.9,19.3,19.7,20.2,20.7,21.1,21.6,22.1,22.7
Kenya,KEN,"Prevalence of obesity, female (% of female population ages 18+)",SH.STA.OB18.FE.ZS,,1.4,1.5,1.6,1.7,1.8,1.9,2,2.1,2.2,2.3,2.5,2.6,2.7,2.9,3,3.2,3.3,3.5,3.7,3.8,4,4.3,4.5,4.7,5,5.2,5.5,5.8,6.1,6.4,6.7,7,7.4,7.7,8.1,8.5,8.9,9.3,9.7,10.2,10.6,11.1
Kyrgyz Republic,KGZ,"Prevalence of obesity, female (% of female population ages 18+)",SH.STA.OB18.FE.ZS,,5.6,5.7,5.9,6.1,6.3,6.5,6.7,6.9,7.1,7.3,7.5,7.7,8,8.2,8.4,8.7,8.9,9.1,9.4,9.6,9.9,10.1,10.4,10.7,11,11.3,11.6,12,12.3,12.7,13.1,13.6,14,14.4,14.9,15.4,15.9,16.4,17,17.5,18.1,18.6
Cambodia,KHM,"Prevalence of obesity, female (% of female population ages 18+)",SH.STA.OB18.FE.ZS,,0.4,0.4,0.4,0.4,0.5,0.5,0.5,0.6,0.6,0.7,0.7,0.8,0.8,0.9,1,1.1,1.1,1.2,1.3,1.4,1.5,1.6,1.6,1.8,1.9,2,2.1,2.2,2.4,2.5,2.6,2.8,3,3.1,3.3,3.5,3.7,3.9,4.1,4.3,4.6,4.8
Kiribati,KIR,"Prevalence of obesity, female (% of female population ages 18+)",SH.STA.OB18.FE.ZS,,20.2,21.1,22,22.9,23.8,24.7,25.6,26.4,27.2,28,28.8,29.5,30.3,31.1,31.8,32.6,33.3,34.1,34.8,35.6,36.3,37.1,37.9,38.7,39.6,40.5,41.3,42.1,42.9,43.6,44.2,44.9,45.5,46,46.6,47.2,47.7,48.2,48.8,49.3,49.8,50.4
St. Kitts and Nevis,KNA,"Prevalence of obesity, female (% of female population ages 18+)",SH.STA.OB18.FE.ZS,,9.9,10.3,10.6,11,11.4,11.7,12.1,12.5,12.9,13.3,13.7,14,14.4,14.8,15.3,15.7,16.1,16.5,17,17.4,17.9,18.4,18.9,19.4,19.9,20.4,20.9,21.4,22,22.5,23.1,23.7,24.3,24.9,25.5,26.1,26.8,27.4,28.1,28.7,29.4,30.1
"Korea, Rep.",KOR,"Prevalence of obesity, female (% of female population ages 18+)",SH.STA.OB18.FE.ZS,,0.8,0.9,0.9,1,1.1,1.2,1.2,1.3,1.4,1.5,1.6,1.8,1.9,2,2.1,2.3,2.4,2.5,2.6,2.8,2.9,3,3.1,3.2,3.3,3.4,3.5,3.5,3.6,3.7,3.8,3.9,4,4.1,4.2,4.2,4.3,4.4,4.5,4.6,4.7,4.8
Kuwait,KWT,"Prevalence of obesity, female (% of female population ages 18+)",SH.STA.OB18.FE.ZS,,28,28.6,29.2,29.9,30.5,31.1,31.7,32.3,32.9,33.5,34,34.5,35,35.4,35.8,36.1,36.5,36.8,37.2,37.5,37.8,38.1,38.5,38.8,39.2,39.5,39.8,40.2,40.6,40.9,41.3,41.6,42,42.4,42.8,43.2,43.6,44,44.4,44.8,45.2,45.6
Latin America & Caribbean (excluding high income),LAC,"Prevalence of obesity, female (% of female population ages 18+)",SH.STA.OB18.FE.ZS,,,,,,,,,,,,,,,,,,,,,,,,,,,,,,,,,,,,,,,,,,,
Lao PDR,LAO,"Prevalence of obesity, female (% of female population ages 18+)",SH.STA.OB18.FE.ZS,,0.5,0.5,0.6,0.6,0.6,0.7,0.7,0.8,0.8,0.9,0.9,1,1.1,1.1,1.2,1.3,1.4,1.5,1.5,1.6,1.8,1.9,2,2.1,2.3,2.4,2.6,2.8,3,3.2,3.4,3.7,3.9,4.2,4.4,4.7,5,5.3,5.7,6,6.3,6.7
Lebanon,LBN,"Prevalence of obesity, female (% of female population ages 18+)",SH.STA.OB18.FE.ZS,,15.9,16.6,17.3,18,18.7,19.3,20,20.7,21.4,22,22.7,23.3,23.9,24.5,25,25.6,26.1,26.6,27.1,27.6,28,28.4,28.9,29.3,29.7,30.1,30.5,30.9,31.3,31.8,32.2,32.6,33,33.4,33.8,34.3,34.7,35.2,35.6,36.1,36.5,37
Liberia,LBR,"Prevalence of obesity, female (% of female population ages 18+)",SH.STA.OB18.FE.ZS,,2.2,2.3,2.5,2.6,2.8,3,3.2,3.4,3.7,3.9,4.2,4.5,4.9,5.3,5.8,6.3,6.7,7,7.3,7.5,7.6,7.7,7.9,8,8.1,8.3,8.5,8.7,9,9.3,9.7,10,10.4,10.8,11.1,11.5,12,12.4,12.8,13.3,13.7,14.2
Libya,LBY,"Prevalence of obesity, female (% of female population ages 18+)",SH.STA.OB18.FE.ZS,,16.3,17.4,18.4,19.3,20.2,21.1,21.9,22.7,23.5,24.2,24.9,25.6,26.2,26.7,27.2,27.7,28.1,28.5,28.9,29.3,29.7,30.2,30.6,31,31.4,31.8,32.3,32.7,33.1,33.6,34,34.5,35,35.5,36,36.5,37,37.5,38,38.6,39.1,39.6
St. Lucia,LCA,"Prevalence of obesity, female (% of female population ages 18+)",SH.STA.OB18.FE.ZS,,7.7,8,8.4,8.7,9,9.4,9.8,10.2,10.6,11,11.4,11.8,12.3,12.8,13.2,13.7,14.2,14.7,15.2,15.7,16.2,16.7,17.2,17.7,18.2,18.7,19.2,19.6,20.1,20.5,21,21.4,21.9,22.3,22.8,23.2,23.7,24.3,24.9,25.6,26.3,27
Latin America & Caribbean,LCN,"Prevalence of obesity, female (% of female population ages 18+)",SH.STA.OB18.FE.ZS,,,,,,,,,,,,,,,,,,,,,,,,,,,,,,,,,,,,,,,,,,,
Least developed countries: UN classification,LDC,"Prevalence of obesity, female (% of female population ages 18+)",SH.STA.OB18.FE.ZS,,,,,,,,,,,,,,,,,,,,,,,,,,,,,,,,,,,,,,,,,,,
Low income,LIC,"Prevalence of obesity, female (% of female population ages 18+)",SH.STA.OB18.FE.ZS,,,,,,,,,,,,,,,,,,,,,,,,,,,,,,,,,,,,,,,,,,,
Liechtenstein,LIE,"Prevalence of obesity, female (% of female population ages 18+)",SH.STA.OB18.FE.ZS,,,,,,,,,,,,,,,,,,,,,,,,,,,,,,,,,,,,,,,,,,,
Sri Lanka,LKA,"Prevalence of obesity, female (% of female population ages 18+)",SH.STA.OB18.FE.ZS,,1,1,1,1.1,1.1,1.2,1.3,1.3,1.4,1.5,1.5,1.6,1.7,1.8,1.9,2,2.1,2.2,2.3,2.4,2.5,2.7,2.8,2.9,3.1,3.2,3.4,3.6,3.8,4,4.2,4.4,4.6,4.9,5.1,5.4,5.7,5.9,6.3,6.6,6.9,7.3
Lower middle income,LMC,"Prevalence of obesity, female (% of female population ages 18+)",SH.STA.OB18.FE.ZS,,,,,,,,,,,,,,,,,,,,,,,,,,,,,,,,,,,,,,,,,,,
Low & middle income,LMY,"Prevalence of obesity, female (% of female population ages 18+)",SH.STA.OB18.FE.ZS,,,,,,,,,,,,,,,,,,,,,,,,,,,,,,,,,,,,,,,,,,,
Lesotho,LSO,"Prevalence of obesity, female (% of female population ages 18+)",SH.STA.OB18.FE.ZS,,5.8,6.1,6.4,6.7,7,7.3,7.6,7.9,8.3,8.6,8.9,9.3,9.7,10.1,10.5,11,11.4,11.9,12.4,12.9,13.5,14,14.6,15.2,15.8,16.3,16.9,17.6,18.2,18.8,19.4,20.1,20.7,21.4,22,22.7,23.3,24,24.7,25.3,26,26.7
Late-demographic dividend,LTE,"Prevalence of obesity, female (% of female population ages 18+)",SH.STA.OB18.FE.ZS,,,,,,,,,,,,,,,,,,,,,,,,,,,,,,,,,,,,,,,,,,,
Lithuania,LTU,"Prevalence of obesity, female (% of female population ages 18+)",SH.STA.OB18.FE.ZS,,17.4,17.9,18.4,18.8,19.3,19.8,20.3,20.7,21.1,21.5,21.9,22.3,22.6,22.9,23.2,23.5,23.7,23.9,24.1,24.3,24.4,24.6,24.7,24.8,24.9,25.1,25.2,25.3,25.5,25.6,25.8,25.9,26.1,26.3,26.4,26.6,26.8,27,27.2,27.4,27.6,27.8
Luxembourg,LUX,"Prevalence of obesity, female (% of female population ages 18+)",SH.STA.OB18.FE.ZS,,8.9,9.1,9.4,9.7,9.9,10.2,10.5,10.7,11,11.2,11.5,11.7,11.9,12.2,12.4,12.7,12.9,13.2,13.5,13.8,14.1,14.4,14.7,15,15.3,15.7,16,16.3,16.6,16.9,17.3,17.6,17.9,18.2,18.5,18.9,19.2,19.5,19.8,20.1,20.4,20.7
Latvia,LVA,"Prevalence of obesity, female (% of female population ages 18+)",SH.STA.OB18.FE.ZS,,18,18.3,18.6,18.9,19.2,19.5,19.8,20,20.2,20.5,20.7,20.9,21.1,21.2,21.4,21.5,21.7,21.8,21.9,22,22.1,22.2,22.3,22.4,22.5,22.6,22.7,22.8,23,23.1,23.3,23.4,23.6,23.7,23.9,24.1,24.2,24.4,24.6,24.8,24.9,25.1
"Macao SAR, China",MAC,"Prevalence of obesity, female (% of female population ages 18+)",SH.STA.OB18.FE.ZS,,,,,,,,,,,,,,,,,,,,,,,,,,,,,,,,,,,,,,,,,,,
St. Martin (French part),MAF,"Prevalence of obesity, female (% of female population ages 18+)",SH.STA.OB18.FE.ZS,,,,,,,,,,,,,,,,,,,,,,,,,,,,,,,,,,,,,,,,,,,
Morocco,MAR,"Prevalence of obesity, female (% of female population ages 18+)",SH.STA.OB18.FE.ZS,,9.6,10,10.4,10.8,11.3,11.7,12.2,12.6,13.1,13.6,14.1,14.6,15.1,15.7,16.2,16.7,17.3,17.8,18.4,19,19.5,20.1,20.7,21.2,21.8,22.3,22.8,23.4,23.9,24.5,25.1,25.7,26.2,26.9,27.5,28.1,28.8,29.5,30.1,30.8,31.5,32.2
Monaco,MCO,"Prevalence of obesity, female (% of female population ages 18+)",SH.STA.OB18.FE.ZS,,,,,,,,,,,,,,,,,,,,,,,,,,,,,,,,,,,,,,,,,,,
Moldova,MDA,"Prevalence of obesity, female (% of female population ages 18+)",SH.STA.OB18.FE.ZS,,10.6,10.9,11.3,11.6,11.9,12.3,12.6,12.9,13.3,13.6,14,14.3,14.6,14.9,15.2,15.5,15.8,16,16.2,16.4,16.6,16.8,17,17.1,17.3,17.5,17.7,17.9,18,18.2,18.4,18.7,18.9,19.1,19.3,19.6,19.8,20,20.3,20.6,20.8,21.1
Madagascar,MDG,"Prevalence of obesity, female (% of female population ages 18+)",SH.STA.OB18.FE.ZS,,0.9,0.9,1,1,1.1,1.1,1.2,1.3,1.4,1.4,1.5,1.6,1.7,1.8,1.9,2,2.1,2.2,2.4,2.5,2.6,2.8,2.9,3.1,3.2,3.4,3.6,3.7,3.9,4.1,4.3,4.6,4.8,5,5.3,5.6,5.9,6.2,6.5,6.8,7.2,7.5
Maldives,MDV,"Prevalence of obesity, female (% of female population ages 18+)",SH.STA.OB18.FE.ZS,,1,1.1,1.1,1.2,1.3,1.5,1.6,1.7,1.8,2,2.1,2.2,2.4,2.5,2.7,2.8,2.9,3.1,3.2,3.4,3.6,3.7,3.9,4.1,4.3,4.6,4.8,5.1,5.4,5.8,6.1,6.5,6.9,7.4,7.8,8.3,8.8,9.3,9.8,10.3,10.8,11.4
Middle East & North Africa,MEA,"Prevalence of obesity, female (% of female population ages 18+)",SH.STA.OB18.FE.ZS,,,,,,,,,,,,,,,,,,,,,,,,,,,,,,,,,,,,,,,,,,,
Mexico,MEX,"Prevalence of obesity, female (% of female population ages 18+)",SH.STA.OB18.FE.ZS,,13,13.4,13.9,14.3,14.8,15.3,15.7,16.2,16.7,17.2,17.6,18.1,18.6,19.1,19.6,20,20.5,21,21.5,22,22.5,23,23.5,24,24.4,24.9,25.4,25.9,26.4,26.8,27.3,27.8,28.3,28.8,29.3,29.8,30.3,30.8,31.3,31.8,32.3,32.8
Marshall Islands,MHL,"Prevalence of obesity, female (% of female population ages 18+)",SH.STA.OB18.FE.ZS,,34.5,35.4,36.2,36.9,37.5,38,38.6,39.1,39.7,40.3,41,41.6,42.3,43,43.7,44.4,45,45.7,46.3,46.9,47.4,48,48.5,49,49.6,50.1,50.6,51.1,51.5,52,52.5,53,53.4,53.9,54.3,54.8,55.2,55.7,56.1,56.5,56.9,57.3
Middle income,MIC,"Prevalence of obesity, female (% of female population ages 18+)",SH.STA.OB18.FE.ZS,,,,,,,,,,,,,,,,,,,,,,,,,,,,,,,,,,,,,,,,,,,
North Macedonia,MKD,"Prevalence of obesity, female (% of female population ages 18+)",SH.STA.OB18.FE.ZS,,11.8,12.1,12.5,12.8,13,13.3,13.6,13.9,14.2,14.5,14.7,15,15.3,15.5,15.8,16,16.3,16.6,16.8,17.1,17.3,17.6,17.8,18,18.2,18.4,18.6,18.7,18.9,19.1,19.3,19.5,19.7,19.9,20.2,20.4,20.7,20.9,21.2,21.5,21.8,22.1
Mali,MLI,"Prevalence of obesity, female (% of female population ages 18+)",SH.STA.OB18.FE.ZS,,1.4,1.5,1.6,1.7,1.8,1.9,2,2.1,2.3,2.4,2.5,2.7,2.8,3,3.2,3.4,3.6,3.7,4,4.2,4.4,4.6,4.9,5.1,5.4,5.7,6,6.4,6.7,7.1,7.4,7.8,8.2,8.6,9.1,9.5,9.9,10.4,10.9,11.4,11.9,12.4
Malta,MLT,"Prevalence of obesity, female (% of female population ages 18+)",SH.STA.OB18.FE.ZS,,19,19.2,19.4,19.6,19.8,20,20.2,20.4,20.6,20.8,21,21.2,21.4,21.7,21.9,22.2,22.4,22.7,22.9,23.2,23.5,23.7,24,24.3,24.6,24.8,25.1,25.4,25.6,25.9,26.2,26.4,26.6,26.9,27.1,27.3,27.5,27.7,27.9,28.1,28.3,28.5
Myanmar,MMR,"Prevalence of obesity, female (% of female population ages 18+)",SH.STA.OB18.FE.ZS,,0.8,0.9,0.9,1,1,1.1,1.1,1.2,1.2,1.3,1.4,1.4,1.5,1.6,1.7,1.8,1.9,2,2.1,2.2,2.3,2.5,2.6,2.7,2.9,3.1,3.2,3.4,3.6,3.8,4,4.3,4.5,4.7,5,5.3,5.6,5.9,6.2,6.5,6.9,7.3
Middle East & North Africa (excluding high income),MNA,"Prevalence of obesity, female (% of female population ages 18+)",SH.STA.OB18.FE.ZS,,,,,,,,,,,,,,,,,,,,,,,,,,,,,,,,,,,,,,,,,,,
Montenegro,MNE,"Prevalence of obesity, female (% of female population ages 18+)",SH.STA.OB18.FE.ZS,,7.8,8.1,8.4,8.7,9.1,9.4,9.8,10.1,10.5,10.9,11.3,11.7,12.1,12.5,12.9,13.4,13.8,14.2,14.6,15,15.5,15.9,16.3,16.7,17.2,17.6,18,18.4,18.8,19.2,19.6,20,20.4,20.7,21,21.3,21.6,21.9,22.2,22.5,22.8,23.1
Mongolia,MNG,"Prevalence of obesity, female (% of female population ages 18+)",SH.STA.OB18.FE.ZS,,6.7,7,7.3,7.5,7.8,8.1,8.4,8.7,9.1,9.4,9.7,10,10.3,10.7,11,11.3,11.6,11.9,12.2,12.5,12.8,13.1,13.4,13.7,14,14.4,14.7,15.2,15.6,16.1,16.6,17.2,17.7,18.3,18.9,19.5,20.1,20.8,21.4,22,22.6,23.2
Northern Mariana Islands,MNP,"Prevalence of obesity, female (% of female population ages 18+)",SH.STA.OB18.FE.ZS,,,,,,,,,,,,,,,,,,,,,,,,,,,,,,,,,,,,,,,,,,,
Mozambique,MOZ,"Prevalence of obesity, female (% of female population ages 18+)",SH.STA.OB18.FE.ZS,,1.1,1.2,1.2,1.3,1.4,1.5,1.6,1.7,1.9,2,2.2,2.3,2.5,2.7,2.9,3.1,3.3,3.6,3.8,4,4.3,4.5,4.7,5,5.2,5.5,5.7,6,6.2,6.5,6.8,7.1,7.4,7.7,8,8.3,8.7,9,9.4,9.7,10.1,10.5
Mauritania,MRT,"Prevalence of obesity, female (% of female population ages 18+)",SH.STA.OB18.FE.ZS,,1.9,2.1,2.3,2.5,2.7,2.9,3.1,3.4,3.7,4,4.3,4.6,5,5.3,5.7,6.1,6.5,6.9,7.3,7.7,8.1,8.5,8.9,9.4,9.8,10.3,10.7,11.2,11.7,12.2,12.7,13.2,13.7,14.2,14.7,15.3,15.8,16.3,16.9,17.4,17.9,18.5
Mauritius,MUS,"Prevalence of obesity, female (% of female population ages 18+)",SH.STA.OB18.FE.ZS,,4.6,4.8,4.9,5.1,5.3,5.4,5.6,5.7,5.9,6.1,6.3,6.5,6.7,6.9,7.2,7.4,7.7,8,8.2,8.5,8.7,9,9.3,9.5,9.8,10.1,10.4,10.7,11,11.3,11.6,11.9,12.3,12.6,12.9,13.3,13.7,14,14.4,14.8,15.2,15.7
Malawi,MWI,"Prevalence of obesity, female (% of female population ages 18+)",SH.STA.OB18.FE.ZS,,1.1,1.1,1.2,1.3,1.3,1.4,1.5,1.6,1.7,1.8,1.9,2,2.1,2.2,2.3,2.5,2.6,2.8,2.9,3.1,3.2,3.4,3.6,3.8,4,4.2,4.5,4.7,5,5.2,5.5,5.7,6,6.3,6.6,6.9,7.3,7.6,8,8.3,8.7,9.1
Malaysia,MYS,"Prevalence of obesity, female (% of female population ages 18+)",SH.STA.OB18.FE.ZS,,2.2,2.4,2.5,2.7,2.9,3.1,3.2,3.4,3.7,3.9,4.1,4.3,4.6,4.8,5.1,5.4,5.7,6,6.4,6.7,7.1,7.5,7.9,8.4,8.8,9.3,9.8,10.3,10.8,11.3,11.9,12.4,12.9,13.4,14,14.5,15.1,15.6,16.2,16.8,17.4,17.9
North America,NAC,"Prevalence of obesity, female (% of female population ages 18+)",SH.STA.OB18.FE.ZS,,,,,,,,,,,,,,,,,,,,,,,,,,,,,,,,,,,,,,,,,,,
Namibia,NAM,"Prevalence of obesity, female (% of female population ages 18+)",SH.STA.OB18.FE.ZS,,6,6.2,6.5,6.8,7.1,7.4,7.7,8,8.3,8.6,9,9.3,9.7,10,10.4,10.8,11.2,11.6,12,12.4,12.9,13.3,13.8,14.3,14.8,15.3,15.8,16.4,17,17.5,18.1,18.8,19.4,20,20.7,21.4,22,22.7,23.4,24.1,24.7,25.4
New Caledonia,NCL,"Prevalence of obesity, female (% of female population ages 18+)",SH.STA.OB18.FE.ZS,,,,,,,,,,,,,,,,,,,,,,,,,,,,,,,,,,,,,,,,,,,
Niger,NER,"Prevalence of obesity, female (% of female population ages 18+)",SH.STA.OB18.FE.ZS,,1,1.1,1.2,1.2,1.3,1.4,1.5,1.6,1.7,1.8,1.9,2,2.1,2.2,2.3,2.4,2.6,2.7,2.8,3,3.1,3.3,3.5,3.7,3.8,4,4.2,4.5,4.7,4.9,5.2,5.4,5.7,6,6.3,6.6,6.9,7.2,7.6,7.9,8.3,8.7
Nigeria,NGA,"Prevalence of obesity, female (% of female population ages 18+)",SH.STA.OB18.FE.ZS,,1.5,1.5,1.6,1.7,1.8,1.9,2,2.2,2.3,2.5,2.6,2.8,3,3.2,3.4,3.6,3.8,4,4.3,4.5,4.8,5,5.3,5.6,5.9,6.2,6.5,6.8,7.2,7.6,7.9,8.3,8.8,9.2,9.6,10.1,10.6,11,11.5,12,12.5,13.1
Nicaragua,NIC,"Prevalence of obesity, female (% of female population ages 18+)",SH.STA.OB18.FE.ZS,,10.1,10.4,10.8,11.1,11.5,11.8,12.1,12.5,12.9,13.2,13.6,14,14.4,14.8,15.2,15.7,16.1,16.5,17,17.4,17.9,18.4,18.8,19.3,19.8,20.3,20.8,21.3,21.8,22.3,22.9,23.4,23.9,24.5,25,25.6,26.1,26.7,27.2,27.8,28.4,29
Netherlands,NLD,"Prevalence of obesity, female (% of female population ages 18+)",SH.STA.OB18.FE.ZS,,6.7,6.8,7,7.2,7.4,7.6,7.9,8.1,8.3,8.6,8.8,9.1,9.4,9.6,9.9,10.2,10.5,10.9,11.2,11.6,12,12.3,12.7,13.1,13.5,13.9,14.3,14.7,15.1,15.5,16,16.4,16.8,17.2,17.6,17.9,18.3,18.7,19,19.3,19.7,20
Norway,NOR,"Prevalence of obesity, female (% of female population ages 18+)",SH.STA.OB18.FE.ZS,,9.1,9.4,9.6,9.9,10.2,10.5,10.8,11,11.3,11.6,11.8,12.1,12.4,12.6,12.9,13.2,13.5,13.8,14.2,14.5,14.9,15.2,15.6,16,16.4,16.8,17.1,17.5,17.9,18.3,18.6,19,19.3,19.7,20.1,20.4,20.8,21.1,21.5,21.8,22.2,22.5
Nepal,NPL,"Prevalence of obesity, female (% of female population ages 18+)",SH.STA.OB18.FE.ZS,,0.4,0.5,0.5,0.5,0.6,0.6,0.6,0.7,0.7,0.8,0.8,0.9,0.9,1,1.1,1.1,1.2,1.3,1.4,1.5,1.6,1.7,1.8,1.9,2,2.2,2.3,2.5,2.6,2.8,3,3.1,3.3,3.5,3.7,3.9,4.1,4.4,4.6,4.9,5.1,5.4
Nauru,NRU,"Prevalence of obesity, female (% of female population ages 18+)",SH.STA.OB18.FE.ZS,,51.4,51.7,52.1,52.4,52.7,53.1,53.4,53.7,54.1,54.4,54.7,55.1,55.4,55.7,56,56.4,56.7,57,57.3,57.6,57.9,58.2,58.4,58.7,59,59.3,59.6,59.8,60.1,60.4,60.6,60.9,61.1,61.4,61.6,61.9,62.1,62.4,62.6,62.9,63.1,63.3
New Zealand,NZL,"Prevalence of obesity, female (% of female population ages 18+)",SH.STA.OB18.FE.ZS,,12.3,12.6,13,13.3,13.6,14,14.3,14.6,15,15.3,15.7,16.1,16.5,16.9,17.3,17.8,18.2,18.7,19.2,19.7,20.2,20.7,21.2,21.7,22.2,22.8,23.3,23.8,24.4,24.9,25.4,26,26.5,27.1,27.6,28.1,28.7,29.2,29.8,30.3,30.9,31.4
OECD members,OED,"Prevalence of obesity, female (% of female population ages 18+)",SH.STA.OB18.FE.ZS,,,,,,,,,,,,,,,,,,,,,,,,,,,,,,,,,,,,,,,,,,,
Oman,OMN,"Prevalence of obesity, female (% of female population ages 18+)",SH.STA.OB18.FE.ZS,,7.5,8.1,8.6,9.2,9.9,10.5,11.2,11.9,12.6,13.4,14.1,14.9,15.7,16.5,17.4,18.2,19,19.8,20.5,21.2,22,22.6,23.2,23.7,24.3,24.7,25.2,25.7,26.1,26.6,27.1,27.6,28.1,28.7,29.3,29.9,30.5,31.1,31.8,32.4,33.1,33.7
Other small states,OSS,"Prevalence of obesity, female (% of female population ages 18+)",SH.STA.OB18.FE.ZS,,,,,,,,,,,,,,,,,,,,,,,,,,,,,,,,,,,,,,,,,,,
Pakistan,PAK,"Prevalence of obesity, female (% of female population ages 18+)",SH.STA.OB18.FE.ZS,,1.6,1.6,1.7,1.8,1.9,2,2.2,2.3,2.4,2.5,2.7,2.8,3,3.1,3.3,3.4,3.6,3.8,4,4.2,4.4,4.6,4.8,5.1,5.3,5.6,5.8,6.1,6.4,6.7,7,7.3,7.7,8,8.4,8.7,9.1,9.5,9.9,10.4,10.8,11.3
Panama,PAN,"Prevalence of obesity, female (% of female population ages 18+)",SH.STA.OB18.FE.ZS,,8.9,9.2,9.5,9.7,10,10.4,10.7,11,11.3,11.7,12,12.4,12.8,13.2,13.6,14,14.4,14.8,15.3,15.8,16.3,16.9,17.4,18,18.6,19.1,19.7,20.2,20.8,21.3,21.8,22.3,22.9,23.4,23.9,24.4,24.9,25.4,26,26.5,27.1,27.6
Peru,PER,"Prevalence of obesity, female (% of female population ages 18+)",SH.STA.OB18.FE.ZS,,9.3,9.6,10,10.3,10.6,10.9,11.3,11.6,11.9,12.2,12.5,12.9,13.2,13.5,13.8,14.2,14.5,14.8,15.2,15.5,15.9,16.2,16.6,16.9,17.3,17.7,18,18.4,18.8,19.2,19.6,20,20.4,20.8,21.2,21.6,22,22.4,22.9,23.3,23.7,24.2
Philippines,PHL,"Prevalence of obesity, female (% of female population ages 18+)",SH.STA.OB18.FE.ZS,,1,1.1,1.1,1.2,1.3,1.3,1.4,1.5,1.6,1.7,1.8,2,2.1,2.3,2.5,2.6,2.8,3,3.1,3.3,3.4,3.6,3.7,3.9,4,4.2,4.4,4.5,4.7,4.9,5,5.2,5.4,5.6,5.8,6,6.2,6.5,6.7,7,7.2,7.5
Palau,PLW,"Prevalence of obesity, female (% of female population ages 18+)",SH.STA.OB18.FE.ZS,,35.4,36,36.6,37.2,37.9,38.5,39.1,39.8,40.5,41.3,42.1,42.8,43.5,44.2,44.9,45.6,46.2,46.8,47.4,47.9,48.5,49,49.4,49.8,50.2,50.6,51,51.5,52.1,52.6,53.2,53.8,54.4,55,55.6,56.1,56.6,57.1,57.6,58,58.4,58.8
Papua New Guinea,PNG,"Prevalence of obesity, female (% of female population ages 18+)",SH.STA.OB18.FE.ZS,,6.9,7.2,7.5,7.9,8.2,8.5,8.9,9.3,9.6,10,10.4,10.8,11.3,11.7,12.1,12.6,13,13.5,13.9,14.4,14.8,15.2,15.7,16.1,16.6,17,17.5,18,18.5,19,19.5,20,20.5,21.1,21.6,22.2,22.8,23.4,23.9,24.5,25.1,25.8
Poland,POL,"Prevalence of obesity, female (% of female population ages 18+)",SH.STA.OB18.FE.ZS,,13.3,13.5,13.8,14,14.3,14.6,14.9,15.1,15.4,15.6,15.8,16.1,16.3,16.5,16.7,16.9,17.1,17.3,17.4,17.6,17.8,17.9,18.1,18.3,18.4,18.6,18.8,19,19.2,19.4,19.6,19.8,20,20.3,20.5,20.7,20.9,21.2,21.4,21.7,21.9,22.2
Pre-demographic dividend,PRE,"Prevalence of obesity, female (% of female population ages 18+)",SH.STA.OB18.FE.ZS,,,,,,,,,,,,,,,,,,,,,,,,,,,,,,,,,,,,,,,,,,,
Puerto Rico,PRI,"Prevalence of obesity, female (% of female population ages 18+)",SH.STA.OB18.FE.ZS,,,,,,,,,,,,,,,,,,,,,,,,,,,,,,,,,,,,,,,,,,,
"Korea, Dem. People's Rep.",PRK,"Prevalence of obesity, female (% of female population ages 18+)",SH.STA.OB18.FE.ZS,,2.4,2.5,2.6,2.7,2.8,2.8,2.9,3,3.1,3.2,3.3,3.3,3.4,3.5,3.6,3.7,3.8,3.9,4,4.1,4.3,4.4,4.5,4.6,4.7,4.8,4.9,5.1,5.2,5.3,5.5,5.6,5.8,5.9,6.1,6.2,6.4,6.5,6.7,6.9,7.1,7.3
Portugal,PRT,"Prevalence of obesity, female (% of female population ages 18+)",SH.STA.OB18.FE.ZS,,6.8,7,7.2,7.5,7.8,8,8.3,8.6,8.9,9.2,9.5,9.8,10.2,10.5,10.9,11.2,11.6,12,12.3,12.7,13.1,13.5,13.9,14.3,14.7,15.1,15.6,16,16.4,16.7,17.1,17.5,17.9,18.3,18.7,19,19.4,19.8,20.1,20.5,20.9,21.2
Paraguay,PRY,"Prevalence of obesity, female (% of female population ages 18+)",SH.STA.OB18.FE.ZS,,5.6,5.8,6,6.3,6.5,6.8,7.1,7.4,7.7,8.1,8.4,8.8,9.1,9.5,9.9,10.4,10.8,11.2,11.7,12.1,12.6,13.1,13.6,14.1,14.6,15.1,15.6,16.1,16.6,17.1,17.6,18.2,18.7,19.2,19.7,20.2,20.7,21.3,21.8,22.3,22.9,23.4
West Bank and Gaza,PSE,"Prevalence of obesity, female (% of female population ages 18+)",SH.STA.OB18.FE.ZS,,,,,,,,,,,,,,,,,,,,,,,,,,,,,,,,,,,,,,,,,,,
Pacific island small states,PSS,"Prevalence of obesity, female (% of female population ages 18+)",SH.STA.OB18.FE.ZS,,,,,,,,,,,,,,,,,,,,,,,,,,,,,,,,,,,,,,,,,,,
Post-demographic dividend,PST,"Prevalence of obesity, female (% of female population ages 18+)",SH.STA.OB18.FE.ZS,,,,,,,,,,,,,,,,,,,,,,,,,,,,,,,,,,,,,,,,,,,
French Polynesia,PYF,"Prevalence of obesity, female (% of female population ages 18+)",SH.STA.OB18.FE.ZS,,,,,,,,,,,,,,,,,,,,,,,,,,,,,,,,,,,,,,,,,,,
Qatar,QAT,"Prevalence of obesity, female (% of female population ages 18+)",SH.STA.OB18.FE.ZS,,26.2,26.5,26.8,27.1,27.4,27.8,28.1,28.4,28.7,29,29.4,29.8,30.1,30.6,31,31.4,31.9,32.4,32.8,33.3,33.8,34.2,34.7,35.1,35.5,36,36.4,36.8,37.2,37.7,38.1,38.5,39,39.4,39.9,40.3,40.8,41.3,41.7,42.2,42.6,43.1
Romania,ROU,"Prevalence of obesity, female (% of female population ages 18+)",SH.STA.OB18.FE.ZS,,10.4,10.6,10.9,11.1,11.4,11.7,12,12.3,12.6,12.9,13.2,13.5,13.8,14.2,14.5,14.8,15.1,15.4,15.7,15.9,16.2,16.4,16.6,16.8,17,17.2,17.4,17.6,17.8,18,18.3,18.5,18.8,19.1,19.4,19.7,20,20.3,20.6,20.9,21.3,21.6
Russian Federation,RUS,"Prevalence of obesity, female (% of female population ages 18+)",SH.STA.OB18.FE.ZS,,19.6,20,20.3,20.6,20.9,21.2,21.5,21.8,22.1,22.3,22.6,22.8,23,23.2,23.3,23.5,23.7,23.8,23.9,24,24.1,24.2,24.3,24.4,24.5,24.6,24.7,24.9,25,25.1,25.2,25.4,25.5,25.7,25.8,26,26.1,26.3,26.4,26.6,26.7,26.9
Rwanda,RWA,"Prevalence of obesity, female (% of female population ages 18+)",SH.STA.OB18.FE.ZS,,0.9,0.9,1,1.1,1.1,1.2,1.2,1.3,1.4,1.5,1.5,1.6,1.7,1.8,1.9,2,2.1,2.2,2.4,2.5,2.7,2.9,3.1,3.3,3.5,3.8,4,4.3,4.6,4.8,5.1,5.5,5.8,6.1,6.5,6.8,7.2,7.6,8,8.4,8.9,9.3
South Asia,SAS,"Prevalence of obesity, female (% of female population ages 18+)",SH.STA.OB18.FE.ZS,,,,,,,,,,,,,,,,,,,,,,,,,,,,,,,,,,,,,,,,,,,
Saudi Arabia,SAU,"Prevalence of obesity, female (% of female population ages 18+)",SH.STA.OB18.FE.ZS,,16.2,17.1,17.9,18.8,19.7,20.6,21.4,22.3,23.1,24,24.8,25.6,26.3,27.1,27.8,28.5,29.1,29.7,30.3,30.9,31.5,32,32.5,33,33.5,34,34.5,35,35.5,36,36.5,37,37.5,38,38.6,39.1,39.6,40.1,40.7,41.2,41.7,42.3
Sudan,SDN,"Prevalence of obesity, female (% of female population ages 18+)",SH.STA.OB18.FE.ZS,,,,,,,,,,,,,,,,,,,,,,,,,,,,,,,,,,,,,,,,,,,
Senegal,SEN,"Prevalence of obesity, female (% of female population ages 18+)",SH.STA.OB18.FE.ZS,,2.3,2.5,2.6,2.8,2.9,3.1,3.2,3.4,3.5,3.7,3.9,4,4.2,4.4,4.6,4.8,5,5.2,5.5,5.7,5.9,6.2,6.4,6.7,6.9,7.2,7.5,7.8,8.1,8.4,8.7,9.1,9.4,9.7,10.1,10.5,10.8,11.2,11.6,12,12.5,12.9
Singapore,SGP,"Prevalence of obesity, female (% of female population ages 18+)",SH.STA.OB18.FE.ZS,,4.5,4.5,4.5,4.6,4.6,4.6,4.6,4.6,4.7,4.7,4.7,4.8,4.8,4.8,4.9,4.9,4.9,5,5,5.1,5.1,5.1,5.2,5.2,5.3,5.3,5.4,5.4,5.5,5.5,5.6,5.7,5.7,5.8,5.8,5.9,6,6,6.1,6.2,6.3,6.3
Solomon Islands,SLB,"Prevalence of obesity, female (% of female population ages 18+)",SH.STA.OB18.FE.ZS,,7,7.2,7.5,7.8,8.2,8.5,8.9,9.2,9.6,10,10.5,10.9,11.3,11.8,12.3,12.7,13.2,13.7,14.1,14.6,15.1,15.6,16.1,16.6,17.1,17.7,18.2,18.7,19.3,19.8,20.4,21,21.6,22.2,22.8,23.4,24,24.6,25.2,25.8,26.5,27.1
Sierra Leone,SLE,"Prevalence of obesity, female (% of female population ages 18+)",SH.STA.OB18.FE.ZS,,2.1,2.2,2.4,2.5,2.6,2.8,2.9,3.1,3.3,3.4,3.6,3.8,4,4.2,4.4,4.6,4.8,5,5.2,5.5,5.7,6,6.2,6.5,6.8,7.1,7.4,7.7,8.1,8.4,8.7,9.1,9.5,9.8,10.2,10.6,11,11.5,11.9,12.3,12.8,13.3
El Salvador,SLV,"Prevalence of obesity, female (% of female population ages 18+)",SH.STA.OB18.FE.ZS,,8.4,8.7,9,9.3,9.6,10,10.3,10.7,11.1,11.5,11.9,12.3,12.7,13.2,13.6,14,14.5,15,15.5,16.1,16.6,17.2,17.8,18.4,19,19.7,20.3,20.9,21.5,22.1,22.6,23.2,23.8,24.4,24.9,25.5,26.1,26.6,27.2,27.8,28.4,28.9
San Marino,SMR,"Prevalence of obesity, female (% of female population ages 18+)",SH.STA.OB18.FE.ZS,,,,,,,,,,,,,,,,,,,,,,,,,,,,,,,,,,,,,,,,,,,
Somalia,SOM,"Prevalence of obesity, female (% of female population ages 18+)",SH.STA.OB18.FE.ZS,,2,2.1,2.2,2.3,2.4,2.6,2.7,2.8,3,3.1,3.2,3.4,3.5,3.7,3.9,4.1,4.3,4.5,4.7,4.9,5.1,5.3,5.6,5.8,6.1,6.4,6.6,6.9,7.2,7.6,7.9,8.2,8.6,8.9,9.3,9.7,10.1,10.5,10.9,11.4,11.8,12.3
Serbia,SRB,"Prevalence of obesity, female (% of female population ages 18+)",SH.STA.OB18.FE.ZS,,10.3,10.6,10.9,11.2,11.5,11.8,12.1,12.3,12.6,12.9,13.2,13.5,13.7,14,14.3,14.5,14.8,15,15.3,15.6,15.8,16.1,16.3,16.6,16.8,17.1,17.4,17.7,17.9,18.2,18.5,18.8,19.1,19.4,19.7,20,20.3,20.6,20.9,21.2,21.5,21.8
Sub-Saharan Africa (excluding high income),SSA,"Prevalence of obesity, female (% of female population ages 18+)",SH.STA.OB18.FE.ZS,,,,,,,,,,,,,,,,,,,,,,,,,,,,,,,,,,,,,,,,,,,
South Sudan,SSD,"Prevalence of obesity, female (% of female population ages 18+)",SH.STA.OB18.FE.ZS,,,,,,,,,,,,,,,,,,,,,,,,,,,,,,,,,,,,,,,,,,,
Sub-Saharan Africa,SSF,"Prevalence of obesity, female (% of female population ages 18+)",SH.STA.OB18.FE.ZS,,,,,,,,,,,,,,,,,,,,,,,,,,,,,,,,,,,,,,,,,,,
Small states,SST,"Prevalence of obesity, female (% of female population ages 18+)",SH.STA.OB18.FE.ZS,,,,,,,,,,,,,,,,,,,,,,,,,,,,,,,,,,,,,,,,,,,
Sao Tome and Principe,STP,"Prevalence of obesity, female (% of female population ages 18+)",SH.STA.OB18.FE.ZS,,2.4,2.5,2.6,2.8,2.9,3,3.2,3.4,3.6,3.8,4,4.2,4.5,4.8,5.1,5.4,5.7,6,6.4,6.7,7.1,7.5,7.9,8.3,8.7,9.1,9.6,10,10.5,11,11.5,11.9,12.4,12.9,13.4,13.9,14.4,14.9,15.4,15.9,16.4,16.9
Suriname,SUR,"Prevalence of obesity, female (% of female population ages 18+)",SH.STA.OB18.FE.ZS,,11.8,12.5,13.2,14,14.8,15.7,16.5,17.3,18,18.6,19.2,19.7,20.1,20.6,21,21.4,21.8,22.3,22.7,23.1,23.6,24,24.5,25,25.4,25.9,26.4,26.9,27.3,27.8,28.3,28.8,29.3,29.8,30.2,30.7,31.2,31.7,32.2,32.7,33.2,33.7
Slovak Republic,SVK,"Prevalence of obesity, female (% of female population ages 18+)",SH.STA.OB18.FE.ZS,,9.9,10.2,10.5,10.9,11.2,11.6,11.9,12.2,12.5,12.8,13.1,13.4,13.7,13.9,14.2,14.4,14.7,14.9,15.1,15.3,15.5,15.6,15.8,16,16.2,16.3,16.5,16.7,16.9,17.1,17.3,17.5,17.7,18,18.2,18.4,18.7,18.9,19.1,19.4,19.7,19.9
Slovenia,SVN,"Prevalence of obesity, female (% of female population ages 18+)",SH.STA.OB18.FE.ZS,,10.1,10.5,10.9,11.2,11.6,12,12.4,12.7,13.1,13.4,13.7,13.9,14.2,14.4,14.6,14.9,15.1,15.3,15.5,15.7,15.9,16.1,16.3,16.5,16.7,16.9,17.2,17.4,17.6,17.9,18.1,18.3,18.6,18.8,19.1,19.3,19.6,19.9,20.1,20.4,20.7,21
Sweden,SWE,"Prevalence of obesity, female (% of female population ages 18+)",SH.STA.OB18.FE.ZS,,8.8,9,9.2,9.3,9.5,9.7,9.8,10,10.2,10.3,10.5,10.7,10.8,11,11.2,11.4,11.6,11.9,12.1,12.3,12.6,12.8,13.1,13.3,13.6,13.9,14.1,14.4,14.6,14.9,15.1,15.4,15.6,15.9,16.2,16.4,16.7,16.9,17.2,17.5,17.8,18.1
Eswatini,SWZ,"Prevalence of obesity, female (% of female population ages 18+)",SH.STA.OB18.FE.ZS,,6.2,6.6,7,7.4,7.8,8.2,8.6,9.1,9.6,10.1,10.6,11.1,11.6,12.1,12.6,13.1,13.5,14,14.4,14.9,15.3,15.8,16.2,16.7,17.1,17.6,18.1,18.6,19.1,19.6,20.1,20.6,21.1,21.6,22.1,22.7,23.2,23.8,24.4,25,25.6,26.2
Sint Maarten (Dutch part),SXM,"Prevalence of obesity, female (% of female population ages 18+)",SH.STA.OB18.FE.ZS,,,,,,,,,,,,,,,,,,,,,,,,,,,,,,,,,,,,,,,,,,,
Seychelles,SYC,"Prevalence of obesity, female (% of female population ages 18+)",SH.STA.OB18.FE.ZS,,5.3,5.7,6,6.4,6.7,7.1,7.4,7.7,8,8.2,8.5,8.8,9,9.3,9.6,9.8,10.1,10.4,10.7,11,11.3,11.6,12,12.3,12.7,13,13.4,13.8,14.2,14.7,15.1,15.5,16,16.5,16.9,17.4,17.9,18.4,18.9,19.4,20,20.5
Syrian Arab Republic,SYR,"Prevalence of obesity, female (% of female population ages 18+)",SH.STA.OB18.FE.ZS,,13,13.5,13.9,14.3,14.7,15.1,15.6,16,16.4,16.9,17.3,17.8,18.2,18.7,19.2,19.6,20.1,20.6,21.1,21.6,22.1,22.6,23.1,23.7,24.2,24.8,25.4,25.9,26.5,27.1,27.7,28.3,28.9,29.6,30.2,30.8,31.5,32.1,32.8,33.4,34.1,34.8
Turks and Caicos Islands,TCA,"Prevalence of obesity, female (% of female population ages 18+)",SH.STA.OB18.FE.ZS,,,,,,,,,,,,,,,,,,,,,,,,,,,,,,,,,,,,,,,,,,,
Chad,TCD,"Prevalence of obesity, female (% of female population ages 18+)",SH.STA.OB18.FE.ZS,,1.1,1.2,1.3,1.4,1.5,1.6,1.7,1.8,1.9,2,2.1,2.2,2.3,2.5,2.6,2.7,2.9,3,3.2,3.3,3.5,3.7,3.8,4,4.2,4.4,4.6,4.8,5.1,5.3,5.5,5.8,6.1,6.3,6.6,6.9,7.2,7.5,7.9,8.2,8.5,8.9
East Asia & Pacific (IDA & IBRD),TEA,"Prevalence of obesity, female (% of female population ages 18+)",SH.STA.OB18.FE.ZS,,,,,,,,,,,,,,,,,,,,,,,,,,,,,,,,,,,,,,,,,,,
Europe & Central Asia (IDA & IBRD),TEC,"Prevalence of obesity, female (% of female population ages 18+)",SH.STA.OB18.FE.ZS,,,,,,,,,,,,,,,,,,,,,,,,,,,,,,,,,,,,,,,,,,,
Togo,TGO,"Prevalence of obesity, female (% of female population ages 18+)",SH.STA.OB18.FE.ZS,,1.8,1.9,2,2.1,2.2,2.3,2.4,2.6,2.7,2.8,3,3.1,3.3,3.5,3.7,3.8,4,4.3,4.5,4.7,4.9,5.2,5.4,5.7,6,6.3,6.6,6.9,7.2,7.6,7.9,8.3,8.7,9,9.4,9.8,10.3,10.7,11.1,11.6,12,12.5
Thailand,THA,"Prevalence of obesity, female (% of female population ages 18+)",SH.STA.OB18.FE.ZS,,1.3,1.4,1.5,1.6,1.7,1.8,1.9,2.1,2.2,2.3,2.5,2.6,2.8,2.9,3.1,3.2,3.4,3.6,3.8,4,4.2,4.4,4.6,4.8,5.1,5.3,5.6,5.9,6.2,6.6,7,7.4,7.9,8.3,8.8,9.3,9.9,10.4,11,11.5,12.1,12.7
Tajikistan,TJK,"Prevalence of obesity, female (% of female population ages 18+)",SH.STA.OB18.FE.ZS,,5.2,5.4,5.5,5.6,5.7,5.9,6,6.2,6.3,6.5,6.7,6.8,7,7.2,7.4,7.6,7.8,8,8.2,8.4,8.6,8.8,9,9.2,9.5,9.7,10,10.3,10.6,11,11.4,11.7,12.2,12.6,13,13.5,14,14.5,15,15.5,16.1,16.7
Turkmenistan,TKM,"Prevalence of obesity, female (% of female population ages 18+)",SH.STA.OB18.FE.ZS,,7.1,7.2,7.4,7.6,7.7,7.9,8.1,8.3,8.5,8.7,8.9,9.1,9.3,9.5,9.7,9.9,10.2,10.4,10.7,11,11.2,11.6,11.9,12.2,12.6,13,13.4,13.8,14.2,14.6,15.1,15.6,16,16.5,17,17.5,18.1,18.6,19.2,19.8,20.3,20.9
Latin America & Caribbean (IDA & IBRD),TLA,"Prevalence of obesity, female (% of female population ages 18+)",SH.STA.OB18.FE.ZS,,,,,,,,,,,,,,,,,,,,,,,,,,,,,,,,,,,,,,,,,,,
Timor-Leste,TLS,"Prevalence of obesity, female (% of female population ages 18+)",SH.STA.OB18.FE.ZS,,0.4,0.4,0.4,0.5,0.5,0.5,0.6,0.6,0.7,0.7,0.7,0.8,0.9,0.9,1,1.1,1.1,1.2,1.3,1.4,1.4,1.5,1.6,1.7,1.8,2,2.1,2.2,2.3,2.5,2.6,2.8,2.9,3.1,3.3,3.5,3.7,3.9,4.1,4.4,4.6,4.9
Middle East & North Africa (IDA & IBRD),TMN,"Prevalence of obesity, female (% of female population ages 18+)",SH.STA.OB18.FE.ZS,,,,,,,,,,,,,,,,,,,,,,,,,,,,,,,,,,,,,,,,,,,
Tonga,TON,"Prevalence of obesity, female (% of female population ages 18+)",SH.STA.OB18.FE.ZS,,26.5,27.1,27.8,28.5,29.3,30,30.7,31.5,32.3,33,33.8,34.6,35.4,36.1,36.9,37.6,38.4,39.1,39.8,40.5,41.2,41.9,42.6,43.3,44,44.7,45.3,46,46.6,47.3,47.9,48.5,49.2,49.8,50.4,51,51.6,52.2,52.8,53.4,53.9,54.5
South Asia (IDA & IBRD),TSA,"Prevalence of obesity, female (% of female population ages 18+)",SH.STA.OB18.FE.ZS,,,,,,,,,,,,,,,,,,,,,,,,,,,,,,,,,,,,,,,,,,,
Sub-Saharan Africa (IDA & IBRD),TSS,"Prevalence of obesity, female (% of female population ages 18+)",SH.STA.OB18.FE.ZS,,,,,,,,,,,,,,,,,,,,,,,,,,,,,,,,,,,,,,,,,,,
Trinidad and Tobago,TTO,"Prevalence of obesity, female (% of female population ages 18+)",SH.STA.OB18.FE.ZS,,5.9,6.1,6.3,6.6,6.8,7.1,7.4,7.7,8,8.3,8.6,8.9,9.2,9.6,9.9,10.3,10.7,11.1,11.6,12.1,12.6,13.1,13.7,14.3,14.9,15.5,16.1,16.7,17.3,17.9,18.5,19.2,19.8,20.4,21.1,21.7,22.4,23.1,23.8,24.5,25.3,26
Tunisia,TUN,"Prevalence of obesity, female (% of female population ages 18+)",SH.STA.OB18.FE.ZS,,11.9,12.4,12.9,13.3,13.8,14.3,14.8,15.3,15.8,16.3,16.8,17.3,17.9,18.4,19,19.6,20.2,20.8,21.4,22,22.6,23.2,23.7,24.3,24.9,25.4,26,26.5,27,27.6,28.1,28.7,29.2,29.8,30.3,30.9,31.4,32,32.6,33.1,33.7,34.3
Turkey,TUR,"Prevalence of obesity, female (% of female population ages 18+)",SH.STA.OB18.FE.ZS,,12.9,13.4,13.9,14.4,14.9,15.3,15.9,16.5,17.2,17.9,18.6,19.4,20.2,21,21.9,22.7,23.5,24.2,24.9,25.6,26.2,26.8,27.4,28,28.6,29.2,29.8,30.4,31,31.6,32.2,32.9,33.5,34.1,34.8,35.4,36,36.7,37.3,37.9,38.6,39.2
Tuvalu,TUV,"Prevalence of obesity, female (% of female population ages 18+)",SH.STA.OB18.FE.ZS,,23.5,24.4,25.3,26.1,27,28,28.9,29.8,30.8,31.7,32.7,33.6,34.6,35.6,36.6,37.7,38.6,39.6,40.5,41.4,42.2,43,43.7,44.5,45.1,45.8,46.5,47.2,47.8,48.5,49.2,49.8,50.5,51.2,51.8,52.5,53.2,53.8,54.4,55,55.6,56.2
Tanzania,TZA,"Prevalence of obesity, female (% of female population ages 18+)",SH.STA.OB18.FE.ZS,,1.4,1.5,1.6,1.7,1.8,2,2.1,2.2,2.4,2.5,2.7,2.8,3,3.2,3.3,3.5,3.7,3.9,4.1,4.4,4.6,4.8,5.1,5.3,5.6,5.9,6.2,6.5,6.8,7.2,7.5,7.9,8.3,8.7,9.1,9.6,10.1,10.6,11.1,11.6,12.1,12.7
Uganda,UGA,"Prevalence of obesity, female (% of female population ages 18+)",SH.STA.OB18.FE.ZS,,1,1.1,1.2,1.2,1.3,1.3,1.4,1.5,1.6,1.7,1.8,1.9,2,2.1,2.2,2.4,2.5,2.6,2.8,2.9,3.1,3.2,3.4,3.6,3.8,3.9,4.1,4.4,4.6,4.8,5,5.3,5.6,5.9,6.1,6.5,6.8,7.1,7.5,7.8,8.2,8.6
Ukraine,UKR,"Prevalence of obesity, female (% of female population ages 18+)",SH.STA.OB18.FE.ZS,,16.5,16.8,17.1,17.4,17.7,18,18.3,18.7,19,19.3,19.5,19.8,20.1,20.4,20.6,20.8,21.1,21.3,21.4,21.6,21.8,21.9,22.1,22.2,22.3,22.5,22.6,22.8,23,23.2,23.4,23.5,23.7,23.9,24.2,24.4,24.6,24.8,25,25.2,25.5,25.7
Upper middle income,UMC,"Prevalence of obesity, female (% of female population ages 18+)",SH.STA.OB18.FE.ZS,,,,,,,,,,,,,,,,,,,,,,,,,,,,,,,,,,,,,,,,,,,
Uruguay,URY,"Prevalence of obesity, female (% of female population ages 18+)",SH.STA.OB18.FE.ZS,,14.6,14.9,15.2,15.5,15.8,16.1,16.5,16.8,17.1,17.5,17.9,18.2,18.6,19,19.3,19.7,20.1,20.5,20.9,21.3,21.7,22.1,22.5,22.9,23.3,23.7,24.1,24.6,25,25.4,25.8,26.2,26.7,27.1,27.5,28,28.4,28.8,29.3,29.7,30.1,30.6
United States,USA,"Prevalence of obesity, female (% of female population ages 18+)",SH.STA.OB18.FE.ZS,,13.3,13.6,14,14.4,14.8,15.2,15.6,16,16.5,16.9,17.4,17.9,18.5,19,19.6,20.2,20.8,21.4,22,22.7,23.4,24.1,24.8,25.5,26.2,26.9,27.6,28.3,28.9,29.6,30.2,30.9,31.5,32.1,32.7,33.3,33.9,34.5,35.1,35.7,36.4,37
Uzbekistan,UZB,"Prevalence of obesity, female (% of female population ages 18+)",SH.STA.OB18.FE.ZS,,5.6,5.8,6,6.2,6.5,6.7,6.9,7.1,7.4,7.6,7.8,8,8.3,8.5,8.7,9,9.2,9.5,9.7,9.9,10.2,10.5,10.7,11,11.3,11.6,12,12.3,12.7,13.1,13.5,13.9,14.3,14.8,15.2,15.7,16.2,16.7,17.3,17.8,18.4,19
St. Vincent and the Grenadines,VCT,"Prevalence of obesity, female (% of female population ages 18+)",SH.STA.OB18.FE.ZS,,8.2,8.6,9,9.4,9.8,10.2,10.6,11.1,11.5,12,12.5,13,13.5,14,14.5,15.1,15.6,16.2,16.7,17.3,17.9,18.5,19,19.6,20.2,20.8,21.4,22,22.6,23.3,23.9,24.5,25.1,25.8,26.4,27.1,27.7,28.4,29,29.7,30.4,31
"Venezuela, RB",VEN,"Prevalence of obesity, female (% of female population ages 18+)",SH.STA.OB18.FE.ZS,,13.2,13.6,14,14.4,14.8,15.2,15.6,16,16.4,16.8,17.2,17.6,18,18.4,18.8,19.2,19.6,20,20.4,20.8,21.1,21.5,21.9,22.3,22.7,23.1,23.4,23.8,24.2,24.5,24.9,25.2,25.6,25.9,26.2,26.6,26.9,27.2,27.6,27.9,28.3,28.6
British Virgin Islands,VGB,"Prevalence of obesity, female (% of female population ages 18+)",SH.STA.OB18.FE.ZS,,,,,,,,,,,,,,,,,,,,,,,,,,,,,,,,,,,,,,,,,,,
Virgin Islands (U.S.),VIR,"Prevalence of obesity, female (% of female population ages 18+)",SH.STA.OB18.FE.ZS,,,,,,,,,,,,,,,,,,,,,,,,,,,,,,,,,,,,,,,,,,,
Vietnam,VNM,"Prevalence of obesity, female (% of female population ages 18+)",SH.STA.OB18.FE.ZS,,0.2,0.2,0.2,0.2,0.3,0.3,0.3,0.3,0.3,0.3,0.4,0.4,0.4,0.4,0.4,0.5,0.5,0.5,0.6,0.6,0.6,0.7,0.7,0.8,0.8,0.9,0.9,1,1.1,1.2,1.2,1.3,1.4,1.5,1.6,1.7,1.9,2,2.1,2.3,2.4,2.6
Vanuatu,VUT,"Prevalence of obesity, female (% of female population ages 18+)",SH.STA.OB18.FE.ZS,,8.1,8.4,8.7,9.1,9.5,9.8,10.2,10.7,11.1,11.6,12,12.5,13,13.5,14.1,14.6,15.2,15.7,16.3,16.8,17.4,17.9,18.5,19.1,19.7,20.2,20.8,21.4,22,22.6,23.2,23.8,24.4,25,25.7,26.3,26.9,27.5,28.2,28.8,29.4,30.1
World,WLD,"Prevalence of obesity, female (% of female population ages 18+)",SH.STA.OB18.FE.ZS,,6.4,6.4,6.6,6.8,6.8,7.1,7.1,7.3,7.5,7.6,7.8,7.9,8.1,8.3,8.4,8.6,8.8,9,9.1,9.3,9.4,9.6,9.8,10.2,10.4,10.5,10.8,11.1,11.3,11.6,11.8,12.1,12.3,12.9,13.2,13.2,13.5,13.8,14.1,14.4,14.7,15.1
Samoa,WSM,"Prevalence of obesity, female (% of female population ages 18+)",SH.STA.OB18.FE.ZS,,27.1,27.9,28.6,29.3,30,30.8,31.5,32.2,33,33.7,34.5,35.2,36,36.7,37.5,38.2,38.9,39.7,40.4,41.1,41.9,42.6,43.3,44,44.8,45.5,46.1,46.8,47.5,48.1,48.7,49.3,49.9,50.5,51.1,51.7,52.2,52.8,53.4,53.9,54.5,55
Kosovo,XKX,"Prevalence of obesity, female (% of female population ages 18+)",SH.STA.OB18.FE.ZS,,,,,,,,,,,,,,,,,,,,,,,,,,,,,,,,,,,,,,,,,,,
"Yemen, Rep.",YEM,"Prevalence of obesity, female (% of female population ages 18+)",SH.STA.OB18.FE.ZS,,4.2,4.3,4.5,4.8,5,5.2,5.5,5.7,6,6.3,6.5,6.9,7.2,7.5,7.8,8.2,8.6,9,9.4,9.8,10.2,10.6,11.1,11.6,12,12.5,13,13.5,14,14.5,15.1,15.6,16.2,16.8,17.4,18,18.6,19.3,19.9,20.6,21.3,22
South Africa,ZAF,"Prevalence of obesity, female (% of female population ages 18+)",SH.STA.OB18.FE.ZS,,17.1,17.5,17.9,18.3,18.7,19.1,19.5,20,20.4,20.9,21.4,21.9,22.5,23,23.6,24.2,24.8,25.4,26,26.6,27.2,27.8,28.4,29,29.6,30.2,30.8,31.4,32,32.6,33.2,33.8,34.4,35,35.6,36.2,36.8,37.3,37.9,38.5,39,39.6
Zambia,ZMB,"Prevalence of obesity, female (% of female population ages 18+)",SH.STA.OB18.FE.ZS,,2.5,2.7,2.9,3,3.2,3.4,3.6,3.8,4,4.1,4.3,4.5,4.6,4.8,4.9,5.1,5.3,5.4,5.6,5.7,5.9,6,6.2,6.4,6.5,6.7,6.9,7.2,7.4,7.7,8,8.3,8.7,9,9.4,9.8,10.2,10.6,11.1,11.5,12,12.4
Zimbabwe,ZWE,"Prevalence of obesity, female (% of female population ages 18+)",SH.STA.OB18.FE.ZS,,6.7,7,7.4,7.7,8.1,8.4,8.8,9.2,9.6,10.1,10.5,11,11.4,11.9,12.4,12.9,13.4,14,14.5,15,15.5,16,16.5,17,17.5,18,18.5,19,19.5,19.9,20.4,20.9,21.3,21.7,22.2,22.6,23,23.5,23.9,24.4,24.8,25.3
